customer_id,region,age_group,signup_date
C00001,Alberta,25-34,9/17/2024
C00002,Ontario,35-44,4/19/2023
C00003,Manitoba,25-34,3/15/2024
C00004,Quebec,35-44,12/3/2023
C00005,Quebec,55+,7/4/2023
C00006,Alberta,25-34,2/4/2023
C00007,Ontario,25-34,6/12/2024
C00008,Quebec,25-34,2/21/2024
C00009,Alberta,18-24,2/24/2023
C00010,BC,55+,1/7/2025
C00011,Quebec,25-34,10/19/2024
C00012,Alberta,55+,11/4/2024
C00013,Quebec,35-44,1/7/2025
C00014,Quebec,25-34,5/6/2025
C00015,Quebec,35-44,1/25/2024
C00016,Alberta,18-24,5/4/2024
C00017,Alberta,25-34,1/5/2024
C00018,Ontario,18-24,7/9/2023
C00019,Ontario,18-24,5/24/2024
C00020,BC,35-44,4/12/2023
C00021,Ontario,25-34,3/20/2024
C00022,BC,35-44,9/21/2024
C00023,BC,25-34,3/22/2024
C00024,BC,45-54,8/5/2023
C00025,BC,25-34,10/11/2024
C00026,Quebec,25-34,7/20/2024
C00027,Ontario,18-24,4/9/2024
C00028,Ontario,35-44,7/27/2023
C00029,BC,55+,8/15/2023
C00030,Quebec,25-34,3/6/2023
C00031,Ontario,35-44,9/19/2024
C00032,Ontario,35-44,12/6/2023
C00033,BC,25-34,5/10/2025
C00034,Quebec,25-34,2/21/2025
C00035,Alberta,18-24,4/10/2024
C00036,Ontario,55+,2/4/2024
C00037,Ontario,25-34,7/27/2023
C00038,BC,25-34,3/19/2024
C00039,Ontario,45-54,3/16/2024
C00040,Manitoba,18-24,3/16/2023
C00041,BC,35-44,6/10/2024
C00042,Ontario,18-24,3/28/2025
C00043,Manitoba,35-44,5/29/2023
C00044,BC,35-44,2/17/2023
C00045,BC,35-44,8/26/2023
C00046,BC,35-44,2/19/2024
C00047,BC,25-34,12/23/2023
C00048,BC,45-54,7/6/2023
C00049,Quebec,18-24,8/12/2023
C00050,Ontario,45-54,3/19/2023
C00051,Ontario,25-34,7/3/2024
C00052,Alberta,25-34,12/23/2024
C00053,Ontario,35-44,12/27/2024
C00054,Quebec,25-34,5/10/2024
C00055,Ontario,25-34,6/14/2023
C00056,Manitoba,35-44,2/2/2024
C00057,Ontario,25-34,3/3/2023
C00058,Ontario,25-34,12/10/2024
C00059,Quebec,35-44,2/16/2023
C00060,Alberta,35-44,10/1/2024
C00061,Quebec,25-34,1/5/2025
C00062,Quebec,35-44,3/11/2023
C00063,BC,45-54,3/17/2025
C00064,Ontario,18-24,4/18/2025
C00065,Ontario,55+,5/1/2025
C00066,BC,18-24,5/25/2024
C00067,BC,25-34,5/30/2025
C00068,Quebec,45-54,12/3/2023
C00069,Ontario,25-34,6/28/2024
C00070,Ontario,35-44,3/29/2025
C00071,BC,18-24,2/14/2023
C00072,Alberta,25-34,2/3/2023
C00073,Ontario,35-44,2/16/2023
C00074,Alberta,35-44,12/17/2024
C00075,BC,18-24,2/6/2023
C00076,Ontario,18-24,6/3/2025
C00077,Quebec,25-34,1/10/2025
C00078,Quebec,25-34,5/11/2023
C00079,BC,25-34,3/27/2024
C00080,Ontario,45-54,4/24/2025
C00081,Ontario,35-44,2/16/2025
C00082,Quebec,18-24,10/22/2024
C00083,BC,35-44,8/13/2024
C00084,Manitoba,25-34,4/11/2024
C00085,Quebec,18-24,3/13/2023
C00086,Ontario,35-44,4/28/2023
C00087,BC,45-54,11/7/2023
C00088,Ontario,35-44,8/26/2023
C00089,Quebec,55+,4/14/2025
C00090,Alberta,18-24,7/29/2024
C00091,Ontario,35-44,12/22/2024
C00092,Quebec,18-24,9/15/2023
C00093,Quebec,55+,10/16/2023
C00094,BC,25-34,7/4/2024
C00095,Quebec,55+,7/30/2024
C00096,BC,25-34,7/12/2023
C00097,Ontario,45-54,11/12/2023
C00098,Quebec,55+,1/17/2023
C00099,Alberta,25-34,4/24/2025
C00100,Ontario,45-54,4/7/2023
C00101,BC,45-54,4/1/2023
C00102,BC,35-44,11/10/2023
C00103,Alberta,35-44,4/6/2023
C00104,Quebec,25-34,1/6/2023
C00105,Alberta,25-34,1/18/2024
C00106,Ontario,18-24,7/16/2024
C00107,Ontario,35-44,12/7/2024
C00108,Quebec,18-24,4/3/2023
C00109,Quebec,25-34,4/3/2025
C00110,Quebec,25-34,5/19/2023
C00111,Ontario,25-34,8/6/2023
C00112,Ontario,35-44,5/17/2025
C00113,Manitoba,25-34,1/7/2023
C00114,BC,25-34,3/9/2024
C00115,Ontario,18-24,11/28/2024
C00116,Ontario,35-44,2/3/2023
C00117,Ontario,25-34,6/21/2025
C00118,BC,18-24,5/10/2023
C00119,Ontario,35-44,11/5/2024
C00120,Manitoba,25-34,12/21/2024
C00121,Ontario,18-24,10/19/2023
C00122,Quebec,18-24,2/15/2024
C00123,Manitoba,35-44,9/11/2024
C00124,Ontario,45-54,10/27/2024
C00125,Ontario,45-54,4/17/2025
C00126,Quebec,18-24,8/6/2024
C00127,BC,25-34,2/22/2025
C00128,Alberta,25-34,9/20/2023
C00129,Quebec,45-54,10/9/2024
C00130,Quebec,45-54,5/3/2023
C00131,BC,55+,1/1/2023
C00132,Ontario,25-34,4/9/2024
C00133,Ontario,18-24,1/1/2025
C00134,BC,45-54,4/14/2023
C00135,Ontario,18-24,1/9/2024
C00136,Ontario,45-54,8/8/2024
C00137,BC,25-34,8/20/2024
C00138,BC,55+,5/2/2024
C00139,Alberta,25-34,2/1/2023
C00140,Alberta,25-34,10/11/2023
C00141,Alberta,18-24,2/21/2023
C00142,Alberta,35-44,6/10/2023
C00143,Ontario,18-24,9/6/2024
C00144,BC,18-24,2/24/2025
C00145,Ontario,35-44,5/4/2025
C00146,Quebec,25-34,12/26/2023
C00147,Quebec,55+,8/27/2024
C00148,BC,25-34,10/23/2024
C00149,Quebec,25-34,1/1/2024
C00150,Quebec,25-34,8/22/2023
C00151,BC,25-34,3/9/2024
C00152,Manitoba,45-54,9/4/2023
C00153,BC,45-54,2/2/2024
C00154,Ontario,25-34,5/1/2023
C00155,Ontario,18-24,6/19/2023
C00156,Alberta,25-34,7/28/2023
C00157,Alberta,45-54,7/17/2023
C00158,Quebec,25-34,4/13/2023
C00159,Alberta,45-54,6/2/2025
C00160,Ontario,45-54,9/22/2024
C00161,Manitoba,45-54,8/31/2023
C00162,Quebec,35-44,3/20/2025
C00163,Quebec,18-24,3/19/2023
C00164,Quebec,35-44,6/6/2023
C00165,Quebec,25-34,5/3/2024
C00166,BC,35-44,2/18/2023
C00167,Ontario,25-34,2/19/2025
C00168,BC,35-44,2/24/2024
C00169,Ontario,18-24,7/5/2024
C00170,Alberta,45-54,4/25/2023
C00171,Ontario,25-34,2/10/2024
C00172,Quebec,55+,2/25/2025
C00173,BC,25-34,7/31/2024
C00174,Ontario,25-34,2/13/2023
C00175,Quebec,18-24,7/3/2023
C00176,Alberta,55+,9/6/2023
C00177,Ontario,25-34,5/31/2023
C00178,Quebec,35-44,10/6/2023
C00179,BC,25-34,7/5/2023
C00180,Alberta,25-34,12/9/2023
C00181,Quebec,35-44,5/10/2024
C00182,Quebec,25-34,6/22/2023
C00183,Ontario,25-34,2/26/2025
C00184,BC,35-44,12/19/2023
C00185,Manitoba,25-34,6/27/2025
C00186,Ontario,18-24,9/14/2024
C00187,Ontario,35-44,9/16/2023
C00188,Ontario,18-24,12/30/2024
C00189,Ontario,35-44,9/25/2024
C00190,Alberta,35-44,7/15/2023
C00191,Quebec,25-34,11/18/2024
C00192,Ontario,25-34,4/4/2025
C00193,Quebec,25-34,4/10/2024
C00194,Quebec,45-54,12/15/2024
C00195,Ontario,25-34,5/21/2025
C00196,Ontario,45-54,11/24/2023
C00197,Quebec,18-24,4/23/2023
C00198,BC,25-34,5/30/2024
C00199,Ontario,45-54,12/25/2023
C00200,Ontario,35-44,9/30/2023
C00201,BC,18-24,6/28/2025
C00202,Ontario,25-34,1/21/2023
C00203,Ontario,18-24,5/7/2023
C00204,BC,18-24,5/13/2025
C00205,Quebec,25-34,11/24/2024
C00206,Quebec,45-54,4/28/2025
C00207,Manitoba,25-34,3/11/2024
C00208,Alberta,35-44,6/3/2024
C00209,BC,25-34,2/7/2023
C00210,Ontario,25-34,2/4/2023
C00211,Alberta,18-24,11/13/2023
C00212,Quebec,18-24,7/15/2024
C00213,Manitoba,35-44,7/14/2023
C00214,Quebec,18-24,12/27/2023
C00215,Alberta,35-44,6/7/2025
C00216,Ontario,45-54,7/10/2024
C00217,Ontario,25-34,2/26/2025
C00218,Ontario,45-54,5/23/2023
C00219,Quebec,35-44,11/22/2024
C00220,BC,45-54,3/21/2025
C00221,BC,45-54,8/27/2024
C00222,Ontario,18-24,8/14/2023
C00223,BC,35-44,10/13/2023
C00224,BC,25-34,2/22/2025
C00225,BC,55+,5/17/2024
C00226,Ontario,35-44,8/15/2024
C00227,Alberta,35-44,4/27/2023
C00228,Quebec,55+,4/29/2025
C00229,Alberta,25-34,1/30/2025
C00230,Quebec,35-44,9/22/2024
C00231,Alberta,18-24,12/30/2023
C00232,Ontario,25-34,4/17/2023
C00233,Ontario,35-44,1/26/2023
C00234,BC,25-34,9/10/2023
C00235,Alberta,25-34,12/8/2024
C00236,BC,25-34,1/13/2023
C00237,BC,25-34,2/17/2025
C00238,Ontario,35-44,4/20/2023
C00239,Alberta,35-44,6/28/2023
C00240,Quebec,18-24,11/24/2024
C00241,Ontario,18-24,2/12/2024
C00242,BC,55+,12/12/2023
C00243,BC,18-24,2/25/2025
C00244,Ontario,18-24,4/4/2023
C00245,Quebec,45-54,1/6/2024
C00246,BC,45-54,9/9/2024
C00247,Ontario,55+,6/12/2023
C00248,Manitoba,45-54,2/18/2023
C00249,Alberta,25-34,12/17/2023
C00250,BC,35-44,6/29/2023
C00251,Quebec,25-34,4/25/2023
C00252,Ontario,45-54,5/3/2023
C00253,BC,25-34,3/21/2025
C00254,Quebec,25-34,4/1/2025
C00255,Quebec,25-34,7/7/2023
C00256,Quebec,18-24,4/10/2024
C00257,Ontario,35-44,4/21/2025
C00258,Ontario,18-24,5/15/2025
C00259,Ontario,18-24,1/11/2024
C00260,Ontario,25-34,9/16/2024
C00261,Ontario,25-34,11/8/2024
C00262,Quebec,25-34,7/26/2024
C00263,Ontario,35-44,6/28/2023
C00264,Quebec,18-24,10/9/2023
C00265,Quebec,25-34,8/4/2023
C00266,Alberta,25-34,12/6/2024
C00267,BC,25-34,1/10/2025
C00268,Ontario,25-34,3/23/2024
C00269,Quebec,45-54,1/12/2023
C00270,Quebec,45-54,9/11/2023
C00271,Alberta,35-44,1/7/2024
C00272,Quebec,45-54,4/6/2023
C00273,Ontario,25-34,1/23/2025
C00274,Alberta,55+,3/10/2023
C00275,Alberta,18-24,2/4/2025
C00276,BC,18-24,7/12/2023
C00277,Quebec,25-34,12/26/2024
C00278,Ontario,18-24,9/3/2024
C00279,Quebec,18-24,4/23/2024
C00280,Ontario,25-34,1/16/2023
C00281,Manitoba,18-24,9/19/2023
C00282,Quebec,35-44,4/3/2025
C00283,Quebec,45-54,2/26/2024
C00284,BC,25-34,12/26/2024
C00285,Manitoba,35-44,3/23/2025
C00286,Quebec,25-34,7/4/2024
C00287,Ontario,25-34,8/31/2024
C00288,Quebec,35-44,6/24/2025
C00289,Alberta,18-24,3/15/2023
C00290,Alberta,45-54,4/15/2024
C00291,Alberta,18-24,4/1/2024
C00292,Alberta,35-44,3/7/2023
C00293,Manitoba,25-34,1/26/2024
C00294,Quebec,45-54,7/13/2023
C00295,Ontario,25-34,3/29/2023
C00296,Ontario,35-44,3/22/2025
C00297,Ontario,35-44,12/15/2024
C00298,Ontario,18-24,1/10/2024
C00299,Ontario,35-44,8/18/2024
C00300,Ontario,25-34,3/21/2023
C00301,Ontario,55+,11/27/2023
C00302,Ontario,55+,9/21/2023
C00303,Ontario,35-44,5/31/2024
C00304,Ontario,35-44,3/8/2024
C00305,Quebec,25-34,12/6/2023
C00306,Ontario,25-34,3/11/2024
C00307,Ontario,25-34,12/29/2023
C00308,Ontario,35-44,8/13/2024
C00309,BC,35-44,9/13/2024
C00310,Quebec,45-54,4/28/2025
C00311,Quebec,45-54,5/4/2024
C00312,Ontario,25-34,2/20/2024
C00313,Quebec,25-34,5/21/2023
C00314,Alberta,35-44,3/2/2024
C00315,Quebec,45-54,3/19/2023
C00316,Quebec,18-24,1/28/2024
C00317,Quebec,35-44,10/23/2024
C00318,Alberta,45-54,6/27/2025
C00319,BC,25-34,1/18/2023
C00320,Ontario,25-34,6/3/2023
C00321,BC,18-24,1/4/2024
C00322,Quebec,45-54,3/27/2024
C00323,Manitoba,45-54,6/23/2024
C00324,Ontario,45-54,8/9/2024
C00325,Ontario,35-44,7/28/2023
C00326,Ontario,25-34,1/30/2025
C00327,Ontario,25-34,3/31/2024
C00328,Quebec,25-34,10/14/2024
C00329,Ontario,25-34,4/29/2023
C00330,Alberta,18-24,7/15/2024
C00331,Ontario,25-34,10/1/2023
C00332,BC,25-34,2/23/2024
C00333,Ontario,18-24,6/12/2025
C00334,BC,35-44,3/2/2025
C00335,Ontario,35-44,9/27/2023
C00336,BC,25-34,8/16/2024
C00337,Ontario,18-24,1/15/2025
C00338,Ontario,25-34,3/9/2024
C00339,Ontario,35-44,12/8/2024
C00340,BC,35-44,3/11/2023
C00341,Quebec,35-44,9/10/2024
C00342,Ontario,45-54,6/11/2023
C00343,Alberta,35-44,9/24/2024
C00344,Quebec,18-24,6/12/2025
C00345,BC,35-44,10/26/2024
C00346,Alberta,25-34,8/13/2023
C00347,Quebec,25-34,3/23/2025
C00348,Ontario,18-24,1/1/2023
C00349,Quebec,25-34,2/27/2023
C00350,Quebec,35-44,8/5/2023
C00351,Quebec,45-54,6/25/2023
C00352,Ontario,25-34,2/5/2024
C00353,Alberta,25-34,3/14/2024
C00354,Ontario,18-24,4/19/2024
C00355,Manitoba,25-34,2/6/2023
C00356,BC,25-34,5/20/2024
C00357,Ontario,18-24,7/11/2023
C00358,Quebec,25-34,1/11/2025
C00359,Quebec,55+,2/8/2024
C00360,BC,35-44,11/4/2024
C00361,Alberta,35-44,6/17/2025
C00362,Ontario,25-34,11/26/2023
C00363,Quebec,25-34,7/3/2023
C00364,Ontario,45-54,2/3/2023
C00365,Quebec,25-34,1/23/2023
C00366,BC,25-34,4/4/2024
C00367,Quebec,18-24,4/30/2025
C00368,BC,35-44,11/13/2024
C00369,Ontario,18-24,10/15/2023
C00370,BC,25-34,1/4/2025
C00371,Ontario,25-34,4/13/2025
C00372,BC,18-24,2/27/2023
C00373,Ontario,18-24,4/21/2024
C00374,Ontario,25-34,12/2/2024
C00375,Manitoba,18-24,1/7/2024
C00376,Alberta,25-34,1/12/2024
C00377,Quebec,55+,2/27/2024
C00378,Quebec,25-34,3/16/2024
C00379,Ontario,45-54,4/13/2024
C00380,Quebec,18-24,6/12/2024
C00381,Quebec,35-44,2/23/2024
C00382,Quebec,25-34,5/28/2024
C00383,Quebec,25-34,5/19/2024
C00384,Alberta,18-24,5/26/2023
C00385,BC,35-44,3/12/2023
C00386,Manitoba,35-44,6/5/2023
C00387,BC,18-24,3/5/2024
C00388,Ontario,45-54,10/6/2024
C00389,Ontario,45-54,4/8/2023
C00390,Quebec,35-44,12/31/2024
C00391,Manitoba,45-54,1/19/2023
C00392,Quebec,35-44,1/28/2023
C00393,Ontario,45-54,1/29/2025
C00394,BC,45-54,10/17/2023
C00395,Alberta,25-34,5/31/2024
C00396,Ontario,45-54,8/17/2023
C00397,Alberta,45-54,6/7/2023
C00398,Ontario,25-34,6/1/2023
C00399,Quebec,25-34,12/23/2023
C00400,Ontario,45-54,10/2/2023
C00401,Quebec,25-34,6/15/2024
C00402,Ontario,55+,2/20/2023
C00403,Ontario,35-44,1/22/2025
C00404,Ontario,18-24,3/10/2025
C00405,Alberta,25-34,1/30/2025
C00406,Quebec,45-54,6/8/2024
C00407,Ontario,25-34,12/14/2023
C00408,Ontario,25-34,2/28/2024
C00409,Ontario,25-34,2/3/2025
C00410,Ontario,25-34,2/6/2025
C00411,Quebec,25-34,4/11/2025
C00412,BC,25-34,6/14/2024
C00413,Ontario,45-54,6/12/2024
C00414,Ontario,35-44,8/4/2023
C00415,BC,25-34,7/27/2023
C00416,Quebec,45-54,4/18/2023
C00417,Alberta,35-44,9/30/2023
C00418,Ontario,25-34,5/11/2023
C00419,BC,35-44,10/19/2024
C00420,Quebec,25-34,1/17/2024
C00421,BC,35-44,9/27/2023
C00422,Quebec,25-34,5/11/2023
C00423,BC,35-44,6/20/2024
C00424,Ontario,45-54,5/25/2025
C00425,Alberta,25-34,9/20/2023
C00426,Ontario,25-34,4/13/2023
C00427,BC,35-44,3/3/2025
C00428,Manitoba,25-34,6/7/2025
C00429,Ontario,55+,4/24/2023
C00430,Quebec,35-44,12/16/2024
C00431,Quebec,25-34,6/5/2025
C00432,Alberta,35-44,4/18/2025
C00433,Quebec,45-54,8/26/2024
C00434,BC,45-54,1/29/2025
C00435,Ontario,55+,6/11/2023
C00436,Alberta,18-24,6/26/2023
C00437,Ontario,25-34,1/6/2024
C00438,Manitoba,55+,10/10/2023
C00439,Ontario,35-44,5/8/2025
C00440,BC,45-54,7/7/2023
C00441,Alberta,25-34,10/18/2023
C00442,BC,35-44,2/2/2025
C00443,Ontario,25-34,3/20/2024
C00444,Quebec,35-44,6/8/2025
C00445,Ontario,35-44,8/3/2024
C00446,Ontario,35-44,9/21/2023
C00447,Alberta,25-34,9/27/2023
C00448,Manitoba,55+,12/21/2024
C00449,Ontario,25-34,10/18/2023
C00450,Ontario,45-54,4/21/2023
C00451,Quebec,18-24,4/14/2024
C00452,Ontario,18-24,7/11/2023
C00453,Alberta,25-34,12/16/2024
C00454,Ontario,35-44,6/26/2025
C00455,BC,25-34,8/6/2023
C00456,Quebec,35-44,7/4/2023
C00457,BC,18-24,2/22/2024
C00458,Alberta,25-34,2/23/2024
C00459,BC,25-34,6/12/2025
C00460,Quebec,18-24,6/6/2023
C00461,BC,35-44,12/6/2024
C00462,Quebec,45-54,4/8/2023
C00463,Ontario,45-54,6/22/2024
C00464,BC,25-34,6/27/2025
C00465,Quebec,55+,11/29/2023
C00466,BC,45-54,10/25/2023
C00467,Quebec,25-34,1/20/2023
C00468,Ontario,45-54,4/18/2023
C00469,BC,25-34,5/29/2024
C00470,Ontario,18-24,1/11/2024
C00471,Ontario,45-54,3/13/2024
C00472,Ontario,45-54,2/5/2024
C00473,Alberta,25-34,6/11/2024
C00474,Quebec,35-44,2/7/2023
C00475,Quebec,25-34,2/7/2024
C00476,Quebec,35-44,7/29/2024
C00477,Ontario,45-54,3/8/2023
C00478,Alberta,25-34,10/19/2023
C00479,Ontario,35-44,1/8/2023
C00480,Quebec,45-54,10/22/2023
C00481,Manitoba,35-44,8/9/2023
C00482,BC,45-54,12/7/2024
C00483,BC,25-34,2/2/2023
C00484,BC,45-54,8/20/2024
C00485,Alberta,25-34,6/25/2023
C00486,BC,18-24,3/5/2024
C00487,Ontario,35-44,2/21/2024
C00488,Quebec,35-44,9/29/2023
C00489,Ontario,45-54,6/14/2023
C00490,Ontario,55+,8/9/2023
C00491,Ontario,18-24,4/8/2024
C00492,Ontario,25-34,12/8/2024
C00493,Alberta,45-54,4/12/2023
C00494,Ontario,35-44,2/4/2025
C00495,Ontario,25-34,4/24/2023
C00496,Ontario,18-24,5/9/2025
C00497,Quebec,45-54,2/11/2025
C00498,BC,25-34,11/17/2023
C00499,Alberta,45-54,10/27/2023
C00500,BC,35-44,10/2/2023
C00501,Quebec,35-44,3/24/2025
C00502,Ontario,35-44,6/8/2025
C00503,Quebec,25-34,8/27/2024
C00504,Quebec,18-24,9/19/2023
C00505,BC,35-44,12/1/2023
C00506,Alberta,25-34,11/17/2023
C00507,Ontario,25-34,10/15/2023
C00508,Alberta,35-44,1/30/2024
C00509,BC,18-24,4/29/2025
C00510,Ontario,25-34,1/18/2023
C00511,Alberta,25-34,10/15/2024
C00512,BC,25-34,5/7/2025
C00513,Quebec,18-24,5/17/2023
C00514,Manitoba,18-24,3/20/2024
C00515,BC,25-34,1/28/2025
C00516,Ontario,35-44,5/10/2023
C00517,Quebec,35-44,6/24/2024
C00518,BC,18-24,5/25/2023
C00519,BC,18-24,4/21/2024
C00520,BC,25-34,1/4/2024
C00521,Manitoba,25-34,1/25/2023
C00522,Ontario,25-34,3/8/2025
C00523,Ontario,25-34,6/13/2025
C00524,Quebec,25-34,9/2/2023
C00525,BC,18-24,5/16/2023
C00526,Quebec,18-24,11/23/2024
C00527,BC,18-24,11/4/2024
C00528,Ontario,25-34,6/6/2024
C00529,Alberta,45-54,4/24/2024
C00530,Ontario,45-54,11/12/2023
C00531,Alberta,45-54,5/14/2025
C00532,Quebec,35-44,2/17/2023
C00533,Ontario,25-34,2/16/2024
C00534,BC,18-24,2/24/2023
C00535,Quebec,25-34,7/4/2024
C00536,Ontario,25-34,7/27/2024
C00537,Ontario,25-34,4/10/2025
C00538,Ontario,25-34,11/27/2024
C00539,Quebec,55+,2/23/2023
C00540,Ontario,25-34,10/5/2023
C00541,Ontario,18-24,3/8/2024
C00542,Quebec,25-34,4/22/2025
C00543,Alberta,18-24,9/1/2024
C00544,Alberta,35-44,2/6/2025
C00545,BC,35-44,11/19/2023
C00546,Quebec,25-34,12/16/2024
C00547,Ontario,35-44,12/16/2024
C00548,BC,45-54,2/1/2023
C00549,Ontario,25-34,11/21/2023
C00550,Alberta,18-24,4/19/2023
C00551,Alberta,25-34,6/24/2025
C00552,Ontario,25-34,10/23/2023
C00553,Ontario,45-54,1/8/2023
C00554,Ontario,18-24,3/13/2023
C00555,BC,18-24,6/20/2024
C00556,BC,55+,4/25/2025
C00557,Ontario,25-34,7/5/2024
C00558,Quebec,25-34,8/19/2024
C00559,Ontario,35-44,9/19/2023
C00560,Ontario,45-54,9/5/2024
C00561,Quebec,35-44,6/18/2023
C00562,Ontario,25-34,10/14/2023
C00563,Ontario,45-54,10/23/2024
C00564,BC,35-44,4/9/2023
C00565,Ontario,45-54,3/11/2024
C00566,BC,25-34,1/13/2024
C00567,Quebec,18-24,9/7/2024
C00568,Alberta,18-24,12/25/2023
C00569,Quebec,35-44,11/29/2023
C00570,Alberta,25-34,4/3/2025
C00571,Alberta,18-24,1/22/2023
C00572,Ontario,45-54,5/5/2024
C00573,BC,45-54,4/21/2023
C00574,Quebec,25-34,2/25/2025
C00575,BC,18-24,2/9/2024
C00576,Quebec,25-34,1/3/2023
C00577,Ontario,35-44,4/2/2024
C00578,Quebec,35-44,12/31/2023
C00579,Ontario,35-44,7/16/2023
C00580,Ontario,45-54,12/29/2024
C00581,Ontario,45-54,5/8/2024
C00582,Ontario,55+,9/4/2024
C00583,BC,25-34,6/1/2024
C00584,Ontario,45-54,11/7/2023
C00585,Alberta,35-44,10/12/2023
C00586,Quebec,18-24,3/17/2023
C00587,Quebec,35-44,5/27/2024
C00588,Ontario,25-34,8/6/2024
C00589,Manitoba,18-24,3/7/2023
C00590,Alberta,25-34,6/3/2024
C00591,Ontario,35-44,10/26/2023
C00592,Quebec,25-34,7/9/2023
C00593,Ontario,35-44,5/11/2024
C00594,BC,45-54,3/18/2023
C00595,Quebec,35-44,4/29/2023
C00596,Ontario,55+,12/27/2023
C00597,Ontario,25-34,7/6/2024
C00598,Quebec,45-54,2/24/2024
C00599,Ontario,55+,5/23/2023
C00600,Alberta,25-34,7/7/2023
C00601,Quebec,25-34,8/6/2024
C00602,Quebec,25-34,6/21/2025
C00603,Alberta,25-34,5/14/2024
C00604,BC,35-44,5/5/2025
C00605,BC,25-34,4/28/2025
C00606,Quebec,35-44,6/8/2023
C00607,BC,35-44,4/20/2024
C00608,Manitoba,25-34,6/15/2024
C00609,BC,45-54,2/5/2024
C00610,Ontario,35-44,8/25/2023
C00611,Ontario,35-44,1/12/2023
C00612,Ontario,25-34,5/1/2023
C00613,Alberta,25-34,5/10/2023
C00614,Ontario,25-34,6/27/2023
C00615,Ontario,18-24,7/9/2024
C00616,Ontario,55+,6/12/2025
C00617,Quebec,35-44,8/7/2023
C00618,Quebec,25-34,10/19/2024
C00619,Alberta,35-44,11/26/2024
C00620,Ontario,45-54,7/19/2024
C00621,Manitoba,18-24,1/27/2024
C00622,Ontario,25-34,4/2/2023
C00623,Manitoba,55+,6/12/2023
C00624,Ontario,18-24,12/29/2024
C00625,BC,35-44,10/15/2024
C00626,BC,35-44,4/27/2024
C00627,Quebec,55+,4/28/2024
C00628,BC,25-34,6/29/2024
C00629,Alberta,55+,1/1/2024
C00630,BC,18-24,2/24/2025
C00631,Quebec,25-34,12/27/2023
C00632,Ontario,25-34,6/16/2025
C00633,Quebec,18-24,2/28/2025
C00634,Ontario,55+,3/15/2025
C00635,Ontario,55+,9/7/2023
C00636,Manitoba,18-24,5/26/2024
C00637,Quebec,25-34,11/14/2023
C00638,Alberta,18-24,10/4/2024
C00639,Ontario,18-24,11/10/2023
C00640,Alberta,35-44,5/28/2025
C00641,Quebec,45-54,4/12/2023
C00642,BC,35-44,9/30/2024
C00643,Quebec,18-24,9/15/2024
C00644,Manitoba,45-54,11/13/2023
C00645,Ontario,45-54,4/20/2025
C00646,Quebec,35-44,4/11/2025
C00647,Ontario,25-34,11/24/2024
C00648,Ontario,25-34,3/26/2023
C00649,Quebec,35-44,5/1/2024
C00650,Ontario,45-54,2/10/2024
C00651,Ontario,45-54,6/14/2025
C00652,BC,45-54,10/11/2023
C00653,Quebec,25-34,5/19/2024
C00654,Alberta,25-34,3/18/2023
C00655,Quebec,35-44,12/25/2023
C00656,Alberta,35-44,6/12/2024
C00657,Ontario,45-54,3/6/2025
C00658,Ontario,45-54,2/1/2023
C00659,Quebec,55+,3/27/2024
C00660,Alberta,25-34,5/2/2025
C00661,BC,45-54,8/23/2023
C00662,BC,55+,4/8/2025
C00663,BC,45-54,11/2/2023
C00664,Alberta,18-24,5/1/2025
C00665,Manitoba,55+,12/21/2024
C00666,Alberta,35-44,6/7/2023
C00667,Alberta,25-34,7/6/2024
C00668,Ontario,25-34,4/26/2023
C00669,Ontario,18-24,4/1/2024
C00670,Ontario,25-34,5/2/2025
C00671,Ontario,25-34,6/20/2025
C00672,Ontario,35-44,5/13/2025
C00673,Ontario,35-44,11/23/2024
C00674,Ontario,55+,5/15/2025
C00675,Ontario,35-44,11/10/2023
C00676,Quebec,35-44,2/7/2025
C00677,Ontario,45-54,8/31/2024
C00678,Ontario,18-24,6/8/2023
C00679,Manitoba,45-54,5/28/2023
C00680,Ontario,18-24,8/6/2024
C00681,Ontario,25-34,5/8/2024
C00682,BC,25-34,3/16/2025
C00683,Ontario,25-34,7/21/2024
C00684,Quebec,55+,11/16/2024
C00685,BC,25-34,8/29/2024
C00686,Quebec,25-34,10/11/2024
C00687,BC,45-54,3/16/2025
C00688,Alberta,25-34,4/4/2023
C00689,Alberta,45-54,12/30/2024
C00690,BC,25-34,3/16/2023
C00691,Ontario,25-34,4/14/2024
C00692,Ontario,45-54,6/28/2025
C00693,BC,25-34,12/25/2024
C00694,BC,55+,10/26/2024
C00695,Ontario,25-34,8/21/2024
C00696,Quebec,18-24,7/25/2024
C00697,Ontario,35-44,5/15/2025
C00698,Ontario,25-34,7/25/2024
C00699,Quebec,35-44,1/18/2023
C00700,Alberta,35-44,10/20/2024
C00701,Quebec,55+,11/26/2023
C00702,BC,25-34,6/20/2024
C00703,Ontario,45-54,3/13/2024
C00704,BC,35-44,10/24/2024
C00705,Quebec,18-24,2/21/2024
C00706,Quebec,35-44,7/16/2024
C00707,Quebec,35-44,10/14/2023
C00708,Ontario,55+,5/20/2025
C00709,Ontario,25-34,4/7/2024
C00710,Quebec,35-44,4/5/2024
C00711,Alberta,35-44,4/22/2024
C00712,Ontario,35-44,1/6/2023
C00713,Quebec,35-44,3/5/2025
C00714,Ontario,25-34,5/22/2025
C00715,Ontario,35-44,10/14/2024
C00716,BC,18-24,1/25/2024
C00717,Ontario,18-24,3/10/2024
C00718,Ontario,45-54,3/6/2024
C00719,Quebec,55+,2/28/2024
C00720,Quebec,35-44,7/20/2023
C00721,BC,18-24,7/31/2024
C00722,Quebec,35-44,12/6/2024
C00723,BC,25-34,11/7/2024
C00724,Ontario,35-44,11/29/2024
C00725,BC,25-34,6/15/2023
C00726,Ontario,18-24,10/6/2023
C00727,BC,25-34,8/5/2024
C00728,Manitoba,45-54,3/10/2023
C00729,BC,18-24,3/16/2023
C00730,BC,18-24,7/8/2023
C00731,Quebec,25-34,1/3/2023
C00732,BC,35-44,6/10/2023
C00733,Ontario,18-24,5/1/2023
C00734,Ontario,25-34,10/4/2023
C00735,Ontario,35-44,6/1/2025
C00736,Quebec,35-44,11/24/2024
C00737,Ontario,35-44,1/7/2025
C00738,BC,25-34,12/5/2023
C00739,Ontario,18-24,3/23/2024
C00740,BC,35-44,5/10/2025
C00741,Ontario,25-34,8/7/2023
C00742,Ontario,25-34,2/26/2025
C00743,Alberta,55+,1/15/2025
C00744,Ontario,25-34,12/28/2023
C00745,BC,45-54,3/9/2025
C00746,BC,35-44,3/17/2023
C00747,Ontario,45-54,3/21/2025
C00748,BC,45-54,1/17/2025
C00749,BC,35-44,7/15/2024
C00750,Ontario,25-34,9/26/2023
C00751,BC,55+,1/30/2025
C00752,Ontario,45-54,6/18/2023
C00753,BC,55+,3/23/2024
C00754,Quebec,55+,12/18/2024
C00755,Ontario,25-34,8/15/2024
C00756,Quebec,18-24,11/10/2024
C00757,Ontario,25-34,8/14/2024
C00758,BC,18-24,4/3/2024
C00759,Ontario,25-34,10/20/2023
C00760,Ontario,35-44,4/23/2025
C00761,Ontario,35-44,8/27/2023
C00762,Ontario,18-24,3/17/2023
C00763,Quebec,45-54,4/3/2024
C00764,Alberta,25-34,12/28/2024
C00765,Quebec,35-44,9/28/2024
C00766,Alberta,18-24,5/12/2025
C00767,Alberta,35-44,2/22/2023
C00768,Quebec,25-34,4/5/2023
C00769,Alberta,35-44,4/18/2024
C00770,BC,45-54,11/6/2024
C00771,Ontario,35-44,9/2/2023
C00772,BC,35-44,8/25/2023
C00773,Quebec,35-44,3/30/2025
C00774,Ontario,35-44,5/4/2025
C00775,BC,25-34,1/9/2024
C00776,Alberta,45-54,12/2/2023
C00777,Ontario,35-44,5/16/2023
C00778,Ontario,35-44,12/30/2024
C00779,BC,25-34,8/12/2023
C00780,Quebec,55+,1/5/2025
C00781,Ontario,25-34,6/6/2023
C00782,Ontario,25-34,2/18/2025
C00783,Quebec,25-34,9/4/2024
C00784,Manitoba,18-24,8/15/2024
C00785,Ontario,18-24,5/11/2025
C00786,Ontario,55+,9/11/2023
C00787,Quebec,35-44,8/1/2024
C00788,Ontario,18-24,9/14/2023
C00789,Manitoba,45-54,2/22/2025
C00790,Quebec,35-44,8/1/2024
C00791,Quebec,18-24,4/15/2025
C00792,Ontario,25-34,3/13/2025
C00793,BC,25-34,3/6/2023
C00794,Quebec,25-34,4/17/2025
C00795,Alberta,25-34,5/2/2023
C00796,Ontario,35-44,9/10/2024
C00797,Ontario,35-44,5/21/2025
C00798,Quebec,25-34,12/16/2023
C00799,Ontario,35-44,9/28/2024
C00800,Quebec,55+,9/10/2023
C00801,Manitoba,55+,4/17/2025
C00802,Quebec,55+,12/23/2023
C00803,Ontario,25-34,3/28/2025
C00804,Alberta,18-24,2/13/2024
C00805,Ontario,35-44,9/9/2024
C00806,BC,35-44,9/13/2024
C00807,Ontario,55+,8/21/2024
C00808,BC,25-34,1/20/2025
C00809,Ontario,55+,10/1/2024
C00810,Manitoba,18-24,6/19/2025
C00811,Ontario,25-34,4/13/2025
C00812,BC,35-44,5/19/2025
C00813,Quebec,35-44,11/14/2023
C00814,Quebec,25-34,5/12/2025
C00815,Manitoba,25-34,12/28/2023
C00816,BC,18-24,10/23/2023
C00817,Alberta,55+,5/31/2025
C00818,BC,25-34,8/28/2024
C00819,BC,45-54,7/18/2024
C00820,Quebec,25-34,8/25/2023
C00821,BC,25-34,7/4/2024
C00822,Quebec,25-34,8/17/2024
C00823,BC,35-44,1/4/2023
C00824,Quebec,45-54,12/13/2023
C00825,Alberta,25-34,1/28/2024
C00826,Alberta,18-24,4/3/2023
C00827,Alberta,18-24,8/5/2024
C00828,Ontario,25-34,2/11/2023
C00829,BC,35-44,5/14/2024
C00830,BC,35-44,10/6/2024
C00831,Alberta,25-34,10/14/2023
C00832,Ontario,45-54,5/20/2025
C00833,Quebec,25-34,8/14/2023
C00834,Quebec,25-34,12/2/2024
C00835,Ontario,45-54,10/24/2023
C00836,BC,18-24,6/11/2025
C00837,BC,35-44,4/12/2024
C00838,BC,35-44,6/24/2024
C00839,Alberta,25-34,7/23/2023
C00840,Ontario,25-34,3/6/2025
C00841,Quebec,35-44,5/21/2025
C00842,BC,35-44,10/21/2023
C00843,Ontario,35-44,6/5/2023
C00844,Ontario,25-34,8/9/2024
C00845,Ontario,25-34,2/15/2025
C00846,Ontario,25-34,8/22/2024
C00847,Quebec,25-34,8/18/2023
C00848,Alberta,45-54,5/21/2023
C00849,BC,45-54,5/30/2023
C00850,Quebec,18-24,5/6/2023
C00851,Quebec,18-24,4/16/2024
C00852,Quebec,25-34,12/6/2023
C00853,Ontario,18-24,3/20/2025
C00854,Ontario,35-44,9/13/2023
C00855,Alberta,18-24,11/28/2023
C00856,Ontario,45-54,12/23/2023
C00857,BC,35-44,6/14/2023
C00858,Alberta,25-34,5/14/2024
C00859,Manitoba,25-34,9/7/2024
C00860,Ontario,25-34,9/24/2023
C00861,Ontario,45-54,12/18/2024
C00862,Ontario,45-54,8/28/2024
C00863,BC,35-44,9/10/2023
C00864,Quebec,25-34,12/27/2024
C00865,Manitoba,25-34,10/17/2024
C00866,Ontario,35-44,1/4/2025
C00867,Ontario,25-34,10/4/2023
C00868,Alberta,18-24,5/22/2024
C00869,Ontario,25-34,8/1/2023
C00870,BC,45-54,4/13/2023
C00871,Quebec,25-34,5/5/2025
C00872,Alberta,35-44,7/19/2024
C00873,Quebec,55+,9/9/2023
C00874,Ontario,35-44,4/19/2024
C00875,BC,25-34,5/31/2025
C00876,BC,25-34,5/19/2025
C00877,BC,25-34,9/22/2023
C00878,Ontario,35-44,5/13/2025
C00879,BC,35-44,10/23/2023
C00880,Ontario,25-34,11/3/2023
C00881,Quebec,18-24,12/10/2024
C00882,Ontario,35-44,8/28/2023
C00883,Quebec,35-44,12/4/2023
C00884,Ontario,18-24,2/10/2024
C00885,Ontario,18-24,9/12/2024
C00886,Ontario,25-34,5/18/2025
C00887,BC,35-44,6/24/2024
C00888,Alberta,18-24,6/1/2023
C00889,Ontario,25-34,5/21/2024
C00890,Quebec,18-24,2/19/2024
C00891,Manitoba,25-34,7/2/2023
C00892,Quebec,35-44,2/8/2025
C00893,Alberta,25-34,12/12/2024
C00894,Manitoba,45-54,5/27/2025
C00895,Alberta,45-54,11/22/2023
C00896,Quebec,25-34,9/12/2023
C00897,Quebec,35-44,8/16/2023
C00898,Ontario,25-34,2/11/2024
C00899,Ontario,35-44,3/18/2025
C00900,Quebec,18-24,12/19/2023
C00901,Quebec,35-44,4/8/2024
C00902,Alberta,18-24,6/13/2023
C00903,Quebec,25-34,3/6/2025
C00904,Alberta,25-34,6/1/2023
C00905,Ontario,45-54,12/29/2023
C00906,Ontario,25-34,7/2/2023
C00907,BC,55+,3/27/2025
C00908,Ontario,18-24,1/23/2024
C00909,Alberta,25-34,9/19/2024
C00910,Quebec,35-44,1/13/2023
C00911,Ontario,18-24,11/14/2024
C00912,Ontario,25-34,4/2/2023
C00913,Ontario,25-34,1/3/2025
C00914,Ontario,35-44,11/29/2024
C00915,Quebec,45-54,2/28/2025
C00916,Alberta,45-54,5/12/2025
C00917,Alberta,25-34,1/7/2023
C00918,Quebec,18-24,7/24/2023
C00919,BC,35-44,12/25/2023
C00920,BC,18-24,2/17/2024
C00921,Ontario,25-34,1/29/2025
C00922,Alberta,45-54,7/3/2024
C00923,Ontario,35-44,4/2/2023
C00924,Quebec,45-54,10/18/2024
C00925,Quebec,35-44,10/7/2023
C00926,Quebec,25-34,9/22/2024
C00927,Alberta,18-24,6/28/2025
C00928,Ontario,18-24,10/8/2024
C00929,Quebec,25-34,11/17/2023
C00930,Ontario,35-44,8/29/2023
C00931,Ontario,35-44,5/19/2024
C00932,Alberta,25-34,3/11/2024
C00933,BC,45-54,6/19/2025
C00934,Quebec,55+,1/30/2024
C00935,BC,25-34,11/17/2024
C00936,Quebec,25-34,6/16/2024
C00937,BC,25-34,6/23/2024
C00938,BC,25-34,5/21/2023
C00939,BC,35-44,6/7/2025
C00940,BC,45-54,11/4/2024
C00941,Ontario,25-34,1/4/2025
C00942,Ontario,25-34,5/29/2023
C00943,Quebec,25-34,2/27/2023
C00944,BC,35-44,5/15/2023
C00945,Ontario,35-44,5/9/2024
C00946,Ontario,25-34,12/17/2023
C00947,Ontario,35-44,3/4/2025
C00948,BC,25-34,6/29/2023
C00949,Alberta,25-34,8/3/2023
C00950,Alberta,18-24,2/28/2023
C00951,Ontario,25-34,10/28/2023
C00952,Quebec,45-54,2/21/2024
C00953,Ontario,45-54,8/22/2024
C00954,Ontario,18-24,8/8/2024
C00955,BC,45-54,8/2/2024
C00956,Alberta,18-24,4/27/2024
C00957,Quebec,35-44,6/30/2024
C00958,BC,25-34,11/26/2023
C00959,Quebec,35-44,9/9/2023
C00960,Ontario,25-34,5/18/2024
C00961,BC,25-34,7/12/2024
C00962,Ontario,18-24,11/29/2023
C00963,BC,18-24,5/9/2024
C00964,Alberta,25-34,10/28/2024
C00965,Alberta,35-44,9/13/2024
C00966,Ontario,35-44,4/30/2025
C00967,Quebec,25-34,1/7/2025
C00968,Quebec,35-44,2/27/2024
C00969,BC,35-44,4/18/2023
C00970,Ontario,18-24,12/14/2023
C00971,Alberta,25-34,8/30/2024
C00972,Quebec,45-54,1/28/2023
C00973,BC,35-44,10/3/2023
C00974,BC,18-24,10/5/2023
C00975,Quebec,25-34,10/27/2024
C00976,Ontario,25-34,5/10/2023
C00977,Ontario,25-34,8/1/2024
C00978,Alberta,55+,6/30/2025
C00979,BC,35-44,3/18/2025
C00980,Quebec,18-24,7/27/2023
C00981,Quebec,45-54,9/28/2024
C00982,Ontario,35-44,11/25/2023
C00983,Alberta,45-54,3/10/2025
C00984,Ontario,25-34,10/20/2024
C00985,Alberta,45-54,10/19/2024
C00986,Quebec,45-54,5/2/2025
C00987,BC,18-24,9/16/2023
C00988,Quebec,45-54,3/29/2023
C00989,Ontario,18-24,7/8/2023
C00990,Quebec,18-24,9/3/2023
C00991,BC,18-24,9/29/2024
C00992,BC,45-54,10/29/2024
C00993,Ontario,25-34,10/22/2024
C00994,Ontario,25-34,1/4/2023
C00995,Manitoba,18-24,5/9/2024
C00996,Alberta,18-24,3/24/2024
C00997,BC,25-34,12/31/2024
C00998,BC,25-34,2/24/2025
C00999,Quebec,18-24,2/6/2023
C01000,BC,18-24,12/6/2023
C01001,Ontario,25-34,10/13/2023
C01002,Ontario,35-44,8/28/2023
C01003,Ontario,35-44,8/14/2023
C01004,Ontario,25-34,11/21/2023
C01005,Ontario,18-24,11/22/2024
C01006,Alberta,35-44,7/28/2023
C01007,Quebec,35-44,3/25/2023
C01008,Quebec,35-44,3/16/2025
C01009,Alberta,45-54,10/18/2024
C01010,Ontario,18-24,6/26/2025
C01011,BC,25-34,11/1/2024
C01012,Ontario,35-44,3/25/2023
C01013,Ontario,18-24,9/24/2023
C01014,Ontario,18-24,5/12/2025
C01015,Quebec,25-34,1/24/2023
C01016,Ontario,35-44,5/31/2025
C01017,BC,35-44,9/24/2024
C01018,Ontario,25-34,1/26/2023
C01019,Manitoba,35-44,7/1/2023
C01020,Alberta,25-34,5/2/2024
C01021,BC,35-44,2/3/2024
C01022,Quebec,35-44,10/12/2024
C01023,Quebec,25-34,2/16/2024
C01024,Manitoba,25-34,2/10/2023
C01025,Ontario,35-44,3/3/2023
C01026,Quebec,25-34,3/13/2025
C01027,Ontario,55+,3/2/2024
C01028,Manitoba,35-44,10/24/2023
C01029,Alberta,35-44,1/11/2025
C01030,Ontario,35-44,4/4/2024
C01031,Ontario,25-34,9/22/2024
C01032,BC,18-24,9/30/2024
C01033,Ontario,35-44,11/3/2024
C01034,Ontario,55+,3/13/2024
C01035,Quebec,35-44,5/24/2023
C01036,Manitoba,18-24,8/11/2024
C01037,Ontario,45-54,3/29/2025
C01038,BC,35-44,5/29/2023
C01039,Ontario,35-44,5/29/2025
C01040,Ontario,25-34,2/6/2024
C01041,BC,35-44,10/15/2024
C01042,Quebec,55+,10/2/2023
C01043,Quebec,25-34,4/19/2025
C01044,Alberta,35-44,8/10/2023
C01045,Alberta,45-54,4/28/2023
C01046,Alberta,45-54,10/13/2024
C01047,Ontario,45-54,4/3/2024
C01048,Quebec,35-44,8/3/2024
C01049,BC,55+,4/2/2023
C01050,BC,18-24,11/3/2023
C01051,Quebec,25-34,6/15/2023
C01052,Ontario,25-34,2/22/2024
C01053,Ontario,25-34,4/16/2025
C01054,BC,35-44,11/27/2023
C01055,Ontario,25-34,1/24/2023
C01056,Ontario,55+,12/26/2024
C01057,BC,25-34,6/30/2023
C01058,BC,45-54,6/30/2025
C01059,Quebec,45-54,6/17/2023
C01060,Alberta,25-34,12/6/2024
C01061,Ontario,25-34,8/1/2023
C01062,BC,35-44,3/24/2024
C01063,Manitoba,45-54,8/24/2024
C01064,BC,35-44,8/7/2024
C01065,Alberta,45-54,5/24/2024
C01066,Ontario,35-44,3/27/2025
C01067,Alberta,25-34,3/23/2025
C01068,Quebec,35-44,12/31/2023
C01069,Quebec,35-44,4/24/2023
C01070,Ontario,35-44,5/8/2023
C01071,BC,25-34,2/8/2024
C01072,BC,35-44,3/30/2024
C01073,Ontario,45-54,2/19/2024
C01074,Manitoba,55+,2/15/2025
C01075,Ontario,25-34,10/14/2024
C01076,BC,35-44,7/16/2023
C01077,Alberta,45-54,5/26/2024
C01078,Quebec,35-44,4/19/2024
C01079,Manitoba,25-34,5/4/2024
C01080,Quebec,35-44,10/25/2023
C01081,BC,55+,1/15/2023
C01082,Ontario,35-44,3/24/2023
C01083,Ontario,35-44,12/15/2023
C01084,Ontario,25-34,11/22/2024
C01085,Manitoba,35-44,6/5/2023
C01086,Quebec,18-24,7/25/2023
C01087,BC,45-54,3/9/2024
C01088,Alberta,25-34,5/12/2024
C01089,Ontario,18-24,3/19/2023
C01090,Ontario,18-24,9/28/2023
C01091,Quebec,25-34,6/14/2024
C01092,BC,18-24,12/20/2024
C01093,Ontario,18-24,3/14/2025
C01094,Quebec,25-34,2/21/2024
C01095,BC,35-44,7/4/2024
C01096,Ontario,25-34,11/7/2024
C01097,Quebec,18-24,6/26/2023
C01098,Quebec,25-34,12/6/2023
C01099,Ontario,45-54,10/25/2024
C01100,Alberta,25-34,10/22/2023
C01101,Alberta,25-34,1/25/2023
C01102,Alberta,35-44,11/4/2024
C01103,Ontario,18-24,6/24/2025
C01104,Ontario,45-54,11/12/2023
C01105,BC,18-24,3/5/2023
C01106,Quebec,18-24,12/10/2023
C01107,Quebec,18-24,7/21/2024
C01108,BC,45-54,9/27/2024
C01109,Quebec,25-34,2/23/2025
C01110,Ontario,35-44,10/25/2023
C01111,Quebec,18-24,6/4/2025
C01112,Quebec,35-44,5/22/2025
C01113,Alberta,25-34,3/25/2025
C01114,Quebec,25-34,11/30/2023
C01115,BC,35-44,8/14/2024
C01116,Quebec,18-24,12/12/2023
C01117,Quebec,25-34,2/29/2024
C01118,BC,25-34,11/1/2024
C01119,Ontario,35-44,4/12/2025
C01120,BC,35-44,9/19/2024
C01121,Ontario,45-54,3/30/2024
C01122,Ontario,35-44,11/1/2024
C01123,Ontario,25-34,3/5/2025
C01124,Quebec,25-34,9/17/2023
C01125,Ontario,25-34,4/30/2023
C01126,Ontario,18-24,6/20/2024
C01127,Ontario,18-24,12/27/2023
C01128,Ontario,18-24,2/18/2024
C01129,Ontario,35-44,7/13/2023
C01130,Ontario,35-44,3/23/2023
C01131,Ontario,35-44,10/22/2023
C01132,Ontario,45-54,9/1/2023
C01133,Manitoba,45-54,11/8/2023
C01134,Quebec,25-34,12/30/2023
C01135,BC,35-44,7/6/2023
C01136,Quebec,25-34,8/9/2023
C01137,BC,35-44,6/9/2025
C01138,Alberta,35-44,6/18/2023
C01139,Ontario,25-34,11/1/2024
C01140,Quebec,18-24,1/1/2025
C01141,Ontario,18-24,1/17/2025
C01142,Quebec,18-24,5/5/2024
C01143,Ontario,25-34,2/4/2023
C01144,Alberta,25-34,9/17/2024
C01145,Alberta,35-44,4/27/2025
C01146,BC,35-44,4/15/2024
C01147,Ontario,18-24,8/12/2024
C01148,Alberta,25-34,7/16/2024
C01149,Ontario,35-44,3/11/2025
C01150,BC,35-44,9/9/2024
C01151,Alberta,45-54,1/17/2024
C01152,BC,25-34,3/17/2024
C01153,Ontario,25-34,3/15/2023
C01154,Quebec,35-44,12/15/2024
C01155,Quebec,25-34,8/3/2024
C01156,Alberta,18-24,10/4/2023
C01157,Manitoba,25-34,8/8/2023
C01158,Ontario,55+,9/3/2023
C01159,Alberta,25-34,7/15/2023
C01160,Ontario,25-34,1/27/2024
C01161,Quebec,45-54,3/11/2024
C01162,BC,45-54,1/30/2023
C01163,Quebec,45-54,6/10/2023
C01164,BC,25-34,11/15/2024
C01165,Alberta,45-54,1/13/2025
C01166,BC,35-44,2/23/2023
C01167,BC,25-34,12/29/2023
C01168,Alberta,55+,2/1/2023
C01169,Alberta,35-44,4/9/2023
C01170,Quebec,18-24,6/28/2024
C01171,BC,25-34,9/12/2023
C01172,Quebec,35-44,10/20/2023
C01173,Ontario,45-54,4/29/2025
C01174,Alberta,55+,3/1/2024
C01175,Alberta,25-34,4/11/2025
C01176,Ontario,45-54,2/25/2024
C01177,Ontario,18-24,8/16/2024
C01178,Ontario,35-44,10/12/2023
C01179,Quebec,18-24,6/9/2025
C01180,Quebec,35-44,6/6/2025
C01181,Ontario,25-34,8/7/2024
C01182,Quebec,45-54,1/22/2024
C01183,Ontario,35-44,8/10/2024
C01184,Ontario,35-44,6/23/2023
C01185,Ontario,45-54,4/5/2023
C01186,Quebec,18-24,8/13/2023
C01187,Ontario,18-24,1/1/2023
C01188,Manitoba,18-24,4/24/2024
C01189,Alberta,25-34,4/25/2024
C01190,BC,25-34,10/30/2023
C01191,Quebec,18-24,6/19/2024
C01192,BC,25-34,9/26/2024
C01193,BC,18-24,11/17/2023
C01194,Ontario,25-34,12/21/2023
C01195,Ontario,25-34,10/13/2023
C01196,Quebec,35-44,12/26/2024
C01197,Quebec,55+,5/20/2023
C01198,Quebec,25-34,2/3/2023
C01199,BC,35-44,11/26/2023
C01200,Alberta,25-34,1/23/2024
C01201,Quebec,45-54,2/26/2024
C01202,Alberta,25-34,5/23/2024
C01203,Ontario,25-34,11/30/2023
C01204,BC,35-44,2/18/2024
C01205,BC,55+,5/26/2025
C01206,BC,25-34,8/2/2024
C01207,Ontario,25-34,11/4/2023
C01208,Ontario,35-44,1/20/2024
C01209,Ontario,45-54,1/18/2025
C01210,Alberta,45-54,1/31/2025
C01211,Ontario,45-54,8/9/2023
C01212,Quebec,18-24,5/3/2023
C01213,BC,18-24,11/20/2024
C01214,BC,45-54,7/15/2023
C01215,Alberta,25-34,6/19/2025
C01216,Quebec,25-34,4/8/2023
C01217,Ontario,25-34,10/15/2024
C01218,Alberta,18-24,12/20/2024
C01219,Alberta,55+,4/22/2023
C01220,Ontario,35-44,6/21/2025
C01221,Alberta,25-34,11/25/2023
C01222,Ontario,35-44,8/7/2024
C01223,Alberta,25-34,3/17/2025
C01224,Ontario,25-34,3/27/2023
C01225,BC,55+,5/6/2024
C01226,Quebec,25-34,7/14/2023
C01227,Alberta,35-44,2/22/2025
C01228,Ontario,25-34,3/14/2023
C01229,BC,25-34,7/21/2024
C01230,Manitoba,35-44,8/12/2024
C01231,Ontario,45-54,3/3/2023
C01232,Ontario,55+,9/3/2023
C01233,Quebec,45-54,11/13/2024
C01234,Manitoba,45-54,10/18/2023
C01235,BC,18-24,8/31/2024
C01236,Manitoba,45-54,10/27/2024
C01237,BC,55+,9/19/2023
C01238,Alberta,25-34,4/11/2024
C01239,Ontario,25-34,2/24/2025
C01240,BC,25-34,7/16/2023
C01241,Alberta,35-44,1/21/2023
C01242,Quebec,18-24,8/15/2023
C01243,Quebec,35-44,11/10/2024
C01244,Manitoba,45-54,1/12/2024
C01245,Ontario,18-24,6/2/2025
C01246,BC,25-34,10/24/2023
C01247,BC,18-24,6/13/2024
C01248,Ontario,45-54,4/5/2025
C01249,Manitoba,18-24,6/15/2024
C01250,Quebec,45-54,10/18/2023
C01251,Alberta,35-44,3/23/2024
C01252,Quebec,25-34,6/16/2023
C01253,Ontario,18-24,3/12/2024
C01254,Quebec,18-24,2/28/2024
C01255,BC,25-34,5/29/2024
C01256,Alberta,18-24,4/18/2025
C01257,Alberta,45-54,5/17/2023
C01258,Ontario,25-34,6/2/2023
C01259,Ontario,18-24,6/15/2024
C01260,Alberta,45-54,1/28/2024
C01261,Ontario,35-44,6/4/2024
C01262,Quebec,18-24,6/10/2024
C01263,Ontario,25-34,2/18/2024
C01264,Alberta,25-34,6/11/2024
C01265,Quebec,55+,3/12/2024
C01266,Ontario,25-34,9/3/2024
C01267,Quebec,35-44,5/31/2023
C01268,Alberta,35-44,8/17/2024
C01269,Ontario,25-34,12/16/2023
C01270,Ontario,18-24,6/10/2024
C01271,BC,55+,3/28/2025
C01272,Ontario,25-34,11/12/2024
C01273,Manitoba,18-24,3/9/2025
C01274,Ontario,35-44,6/27/2025
C01275,Ontario,45-54,5/13/2023
C01276,Quebec,35-44,10/26/2024
C01277,BC,25-34,5/20/2024
C01278,BC,55+,10/15/2023
C01279,Alberta,18-24,12/13/2023
C01280,BC,18-24,8/15/2024
C01281,Quebec,25-34,12/30/2023
C01282,BC,18-24,3/27/2025
C01283,Ontario,25-34,3/28/2023
C01284,Quebec,35-44,1/4/2023
C01285,BC,25-34,9/30/2023
C01286,Quebec,18-24,7/14/2023
C01287,BC,35-44,1/23/2024
C01288,Ontario,35-44,11/19/2024
C01289,Ontario,45-54,4/11/2025
C01290,Quebec,18-24,10/26/2023
C01291,Alberta,25-34,12/19/2024
C01292,Quebec,25-34,9/22/2024
C01293,Quebec,18-24,5/27/2025
C01294,Alberta,25-34,5/21/2024
C01295,BC,45-54,5/5/2024
C01296,Quebec,25-34,5/29/2025
C01297,Ontario,45-54,1/30/2025
C01298,Quebec,35-44,8/16/2023
C01299,BC,18-24,3/10/2023
C01300,Ontario,25-34,3/4/2024
C01301,Quebec,18-24,11/8/2023
C01302,Alberta,18-24,11/28/2023
C01303,Ontario,35-44,1/24/2025
C01304,Ontario,18-24,5/27/2024
C01305,Alberta,25-34,2/19/2023
C01306,Ontario,35-44,3/15/2024
C01307,Ontario,35-44,11/27/2023
C01308,Alberta,45-54,7/9/2024
C01309,Ontario,25-34,1/24/2023
C01310,Ontario,25-34,7/4/2023
C01311,Alberta,18-24,6/23/2024
C01312,BC,25-34,5/5/2024
C01313,Quebec,45-54,8/29/2024
C01314,Ontario,18-24,12/19/2023
C01315,Quebec,25-34,8/12/2023
C01316,Alberta,45-54,8/4/2024
C01317,BC,25-34,6/14/2023
C01318,Manitoba,18-24,11/4/2023
C01319,Ontario,18-24,6/5/2023
C01320,Alberta,45-54,5/16/2025
C01321,BC,45-54,4/4/2024
C01322,Alberta,25-34,5/2/2024
C01323,BC,45-54,4/9/2023
C01324,Quebec,55+,12/24/2023
C01325,Quebec,25-34,5/8/2024
C01326,Ontario,35-44,3/24/2025
C01327,Quebec,25-34,8/12/2023
C01328,Ontario,35-44,6/18/2024
C01329,Alberta,25-34,7/10/2024
C01330,Quebec,35-44,2/14/2025
C01331,BC,35-44,3/2/2024
C01332,Ontario,35-44,9/26/2024
C01333,Ontario,45-54,11/1/2023
C01334,Quebec,18-24,10/22/2023
C01335,Manitoba,25-34,7/25/2023
C01336,Manitoba,18-24,8/20/2023
C01337,Alberta,25-34,9/21/2024
C01338,Ontario,25-34,9/11/2024
C01339,Quebec,25-34,10/9/2024
C01340,Manitoba,55+,12/21/2023
C01341,BC,35-44,12/18/2024
C01342,Alberta,18-24,8/10/2024
C01343,BC,25-34,2/28/2025
C01344,Alberta,45-54,4/23/2025
C01345,Ontario,18-24,3/9/2024
C01346,Quebec,25-34,3/8/2023
C01347,Ontario,35-44,6/5/2023
C01348,Quebec,18-24,5/20/2023
C01349,Manitoba,45-54,12/6/2024
C01350,Quebec,18-24,2/2/2024
C01351,Quebec,25-34,5/22/2025
C01352,Ontario,55+,4/25/2024
C01353,Ontario,25-34,11/11/2024
C01354,Ontario,45-54,8/14/2024
C01355,Alberta,45-54,11/14/2024
C01356,Quebec,25-34,4/21/2025
C01357,Quebec,55+,3/24/2025
C01358,BC,18-24,7/20/2024
C01359,Alberta,25-34,11/25/2024
C01360,Quebec,45-54,3/30/2024
C01361,Ontario,35-44,6/22/2023
C01362,Quebec,35-44,5/2/2023
C01363,Ontario,18-24,1/17/2023
C01364,Ontario,35-44,3/8/2025
C01365,Alberta,45-54,2/13/2023
C01366,Ontario,35-44,3/26/2024
C01367,Ontario,55+,5/6/2023
C01368,Quebec,35-44,3/25/2024
C01369,BC,25-34,2/4/2025
C01370,Alberta,25-34,3/2/2023
C01371,Quebec,35-44,10/26/2024
C01372,Quebec,18-24,9/20/2024
C01373,BC,25-34,12/27/2023
C01374,Ontario,25-34,3/8/2024
C01375,Ontario,35-44,2/4/2023
C01376,Quebec,25-34,2/23/2024
C01377,Alberta,45-54,6/28/2023
C01378,Ontario,55+,6/26/2023
C01379,BC,35-44,7/18/2023
C01380,Ontario,35-44,2/8/2025
C01381,Ontario,25-34,10/25/2023
C01382,Quebec,25-34,6/17/2024
C01383,Manitoba,25-34,4/1/2025
C01384,Ontario,25-34,8/20/2024
C01385,Ontario,45-54,5/8/2025
C01386,Quebec,25-34,11/15/2024
C01387,Ontario,25-34,5/26/2025
C01388,Alberta,25-34,11/27/2023
C01389,Quebec,25-34,3/21/2024
C01390,Quebec,35-44,7/11/2023
C01391,Alberta,25-34,1/19/2024
C01392,Ontario,25-34,2/1/2024
C01393,Manitoba,35-44,5/26/2023
C01394,Quebec,35-44,10/6/2024
C01395,Ontario,25-34,10/27/2024
C01396,Ontario,18-24,3/5/2025
C01397,BC,45-54,9/10/2023
C01398,Ontario,18-24,5/15/2023
C01399,Alberta,45-54,1/26/2024
C01400,Alberta,35-44,6/4/2024
C01401,Manitoba,45-54,5/28/2023
C01402,Ontario,45-54,1/26/2025
C01403,Quebec,18-24,1/11/2023
C01404,Alberta,25-34,2/17/2025
C01405,Ontario,18-24,7/25/2024
C01406,BC,25-34,3/11/2024
C01407,Quebec,18-24,2/23/2025
C01408,Quebec,35-44,1/9/2025
C01409,Quebec,35-44,3/8/2023
C01410,Quebec,35-44,2/14/2023
C01411,BC,25-34,3/30/2025
C01412,Manitoba,25-34,7/14/2023
C01413,Alberta,25-34,3/31/2025
C01414,Ontario,18-24,10/30/2023
C01415,Ontario,25-34,10/13/2024
C01416,Ontario,35-44,2/26/2025
C01417,Quebec,45-54,3/4/2025
C01418,BC,18-24,6/25/2024
C01419,Quebec,18-24,11/30/2024
C01420,Ontario,35-44,2/13/2023
C01421,Quebec,25-34,9/6/2023
C01422,BC,25-34,2/2/2024
C01423,BC,45-54,5/3/2023
C01424,Quebec,25-34,10/11/2024
C01425,Quebec,35-44,6/29/2023
C01426,Alberta,25-34,10/1/2024
C01427,Quebec,25-34,8/15/2023
C01428,Ontario,55+,5/7/2023
C01429,BC,35-44,1/15/2024
C01430,Quebec,25-34,1/28/2024
C01431,Ontario,55+,7/22/2024
C01432,Ontario,18-24,4/22/2025
C01433,BC,25-34,2/13/2025
C01434,Ontario,55+,5/15/2024
C01435,Alberta,45-54,11/16/2023
C01436,Ontario,25-34,5/16/2023
C01437,Ontario,35-44,12/9/2023
C01438,Quebec,25-34,8/26/2024
C01439,BC,25-34,4/2/2025
C01440,BC,35-44,1/6/2024
C01441,Ontario,25-34,8/14/2023
C01442,Quebec,35-44,11/26/2023
C01443,Alberta,25-34,1/31/2024
C01444,Quebec,25-34,5/4/2023
C01445,BC,25-34,8/16/2024
C01446,Quebec,45-54,3/8/2024
C01447,BC,35-44,10/29/2023
C01448,Ontario,45-54,7/7/2023
C01449,Alberta,55+,10/20/2024
C01450,Quebec,18-24,3/30/2025
C01451,Ontario,25-34,11/17/2024
C01452,Quebec,25-34,1/14/2024
C01453,Ontario,25-34,10/9/2023
C01454,Ontario,18-24,3/6/2024
C01455,Alberta,45-54,4/28/2024
C01456,Quebec,45-54,1/30/2025
C01457,Ontario,25-34,1/14/2024
C01458,Ontario,25-34,6/2/2024
C01459,Quebec,55+,9/12/2023
C01460,Quebec,35-44,5/19/2024
C01461,Ontario,35-44,1/5/2025
C01462,Ontario,25-34,5/21/2024
C01463,Alberta,18-24,4/18/2025
C01464,Quebec,18-24,3/21/2023
C01465,Ontario,45-54,4/29/2023
C01466,Ontario,25-34,9/18/2023
C01467,Quebec,25-34,1/1/2024
C01468,Ontario,18-24,5/3/2024
C01469,Ontario,25-34,7/28/2023
C01470,Ontario,35-44,1/25/2024
C01471,BC,35-44,1/25/2023
C01472,Ontario,18-24,4/2/2025
C01473,Ontario,25-34,10/15/2023
C01474,BC,25-34,12/5/2024
C01475,Alberta,25-34,9/6/2023
C01476,Manitoba,35-44,9/17/2024
C01477,Alberta,55+,5/25/2024
C01478,Alberta,35-44,3/1/2023
C01479,Quebec,18-24,3/30/2024
C01480,Alberta,35-44,6/21/2025
C01481,Quebec,18-24,12/20/2024
C01482,Ontario,35-44,9/16/2024
C01483,Ontario,55+,6/1/2024
C01484,Alberta,55+,8/29/2024
C01485,Ontario,45-54,5/18/2025
C01486,Quebec,25-34,11/5/2024
C01487,Ontario,35-44,9/27/2023
C01488,Quebec,18-24,12/20/2023
C01489,BC,55+,6/25/2023
C01490,Alberta,25-34,10/16/2024
C01491,Quebec,35-44,6/4/2025
C01492,Quebec,25-34,11/12/2023
C01493,Quebec,25-34,8/22/2023
C01494,Alberta,25-34,12/24/2023
C01495,Ontario,25-34,8/16/2024
C01496,Ontario,45-54,7/11/2023
C01497,Alberta,45-54,9/5/2024
C01498,Alberta,25-34,4/30/2024
C01499,BC,18-24,2/25/2024
C01500,Ontario,25-34,1/23/2024
C01501,BC,18-24,4/21/2024
C01502,BC,35-44,1/13/2023
C01503,Ontario,18-24,1/25/2025
C01504,Alberta,25-34,12/14/2024
C01505,BC,18-24,1/28/2025
C01506,Ontario,45-54,6/17/2023
C01507,Quebec,55+,1/13/2024
C01508,Manitoba,18-24,8/17/2023
C01509,Manitoba,35-44,11/30/2024
C01510,Alberta,45-54,11/26/2024
C01511,BC,25-34,1/7/2025
C01512,Ontario,25-34,3/2/2024
C01513,Quebec,25-34,4/5/2024
C01514,Manitoba,25-34,8/30/2024
C01515,BC,25-34,7/13/2024
C01516,Ontario,18-24,11/25/2023
C01517,Ontario,45-54,1/18/2024
C01518,Quebec,45-54,8/14/2023
C01519,Quebec,45-54,6/22/2023
C01520,Ontario,35-44,7/17/2024
C01521,Ontario,35-44,2/1/2023
C01522,Manitoba,35-44,5/1/2025
C01523,Ontario,45-54,7/28/2024
C01524,Quebec,18-24,7/12/2023
C01525,Quebec,35-44,2/11/2023
C01526,Ontario,45-54,3/7/2024
C01527,Quebec,35-44,12/3/2023
C01528,Alberta,45-54,12/22/2023
C01529,Ontario,25-34,5/20/2024
C01530,Alberta,25-34,1/6/2024
C01531,Ontario,35-44,2/25/2023
C01532,BC,18-24,1/11/2023
C01533,BC,25-34,10/26/2023
C01534,Quebec,55+,8/7/2024
C01535,Manitoba,45-54,5/10/2023
C01536,Alberta,18-24,9/11/2023
C01537,Alberta,18-24,10/28/2024
C01538,Quebec,25-34,9/21/2024
C01539,Ontario,55+,9/5/2023
C01540,BC,55+,3/11/2023
C01541,Manitoba,25-34,5/9/2023
C01542,BC,25-34,2/27/2024
C01543,Quebec,35-44,11/12/2023
C01544,Ontario,35-44,5/19/2025
C01545,Ontario,25-34,3/10/2024
C01546,Quebec,18-24,2/25/2025
C01547,Ontario,45-54,10/2/2024
C01548,BC,25-34,11/26/2024
C01549,Quebec,18-24,10/29/2023
C01550,BC,45-54,8/30/2024
C01551,Alberta,35-44,6/5/2025
C01552,Quebec,35-44,6/15/2025
C01553,Alberta,35-44,7/27/2024
C01554,Manitoba,25-34,1/18/2024
C01555,Quebec,45-54,6/9/2025
C01556,Ontario,25-34,3/19/2023
C01557,Quebec,25-34,1/9/2023
C01558,Alberta,35-44,7/8/2024
C01559,Manitoba,25-34,2/8/2023
C01560,Quebec,18-24,6/4/2024
C01561,Alberta,25-34,6/6/2024
C01562,Ontario,25-34,9/24/2023
C01563,Alberta,45-54,3/4/2025
C01564,Alberta,25-34,10/10/2024
C01565,Quebec,55+,4/27/2024
C01566,Alberta,35-44,5/17/2023
C01567,Ontario,45-54,10/9/2024
C01568,Quebec,45-54,3/13/2024
C01569,BC,25-34,7/16/2023
C01570,Ontario,45-54,2/21/2025
C01571,Ontario,25-34,12/23/2023
C01572,Alberta,35-44,5/7/2025
C01573,Ontario,25-34,2/22/2024
C01574,Quebec,25-34,4/24/2025
C01575,BC,25-34,12/14/2023
C01576,Ontario,55+,4/6/2024
C01577,BC,35-44,5/27/2024
C01578,Quebec,25-34,2/24/2025
C01579,Ontario,25-34,1/14/2023
C01580,Ontario,18-24,9/6/2023
C01581,Quebec,35-44,10/28/2024
C01582,Ontario,25-34,1/26/2024
C01583,Quebec,45-54,2/21/2023
C01584,Alberta,18-24,5/7/2023
C01585,BC,25-34,9/29/2023
C01586,Quebec,25-34,6/19/2023
C01587,Quebec,55+,5/5/2024
C01588,Quebec,35-44,3/10/2025
C01589,Ontario,35-44,4/16/2025
C01590,Quebec,35-44,9/15/2023
C01591,BC,35-44,11/19/2023
C01592,BC,45-54,8/5/2024
C01593,Ontario,18-24,10/3/2024
C01594,BC,18-24,4/24/2025
C01595,BC,25-34,5/14/2023
C01596,BC,25-34,10/1/2024
C01597,BC,25-34,1/16/2025
C01598,Quebec,18-24,5/19/2023
C01599,Manitoba,35-44,12/4/2023
C01600,Alberta,45-54,2/7/2024
C01601,Ontario,18-24,11/17/2024
C01602,Ontario,25-34,3/10/2023
C01603,Ontario,55+,7/19/2023
C01604,Alberta,18-24,6/27/2023
C01605,BC,25-34,1/15/2025
C01606,Ontario,25-34,6/28/2025
C01607,Alberta,18-24,9/16/2023
C01608,Quebec,35-44,6/18/2025
C01609,Quebec,45-54,3/11/2025
C01610,BC,25-34,2/28/2024
C01611,Quebec,18-24,7/2/2024
C01612,Ontario,35-44,4/8/2023
C01613,Ontario,45-54,10/9/2023
C01614,Manitoba,45-54,5/8/2023
C01615,BC,35-44,1/31/2024
C01616,Ontario,35-44,3/11/2024
C01617,Ontario,25-34,8/8/2024
C01618,Alberta,25-34,2/12/2023
C01619,Quebec,25-34,6/22/2024
C01620,Alberta,18-24,5/18/2025
C01621,Quebec,25-34,5/9/2023
C01622,Ontario,25-34,2/26/2025
C01623,Quebec,35-44,1/18/2023
C01624,Quebec,18-24,8/27/2023
C01625,Quebec,45-54,5/14/2023
C01626,Quebec,35-44,7/18/2023
C01627,Manitoba,45-54,11/22/2023
C01628,Manitoba,25-34,5/10/2025
C01629,Quebec,35-44,9/18/2023
C01630,Alberta,18-24,5/3/2024
C01631,Ontario,25-34,5/25/2025
C01632,Manitoba,35-44,4/21/2023
C01633,Quebec,35-44,1/24/2025
C01634,Quebec,25-34,11/18/2024
C01635,Quebec,18-24,7/14/2023
C01636,Ontario,25-34,12/6/2023
C01637,Ontario,35-44,4/16/2025
C01638,BC,18-24,9/20/2024
C01639,Quebec,45-54,4/27/2023
C01640,Manitoba,25-34,3/17/2024
C01641,Quebec,45-54,6/3/2024
C01642,Quebec,35-44,6/9/2025
C01643,Ontario,55+,1/31/2025
C01644,Ontario,25-34,12/5/2024
C01645,BC,35-44,2/23/2024
C01646,Quebec,25-34,5/12/2023
C01647,BC,18-24,12/9/2024
C01648,Quebec,18-24,6/4/2024
C01649,BC,25-34,8/16/2023
C01650,BC,35-44,7/12/2024
C01651,BC,45-54,8/22/2024
C01652,BC,18-24,2/11/2024
C01653,Alberta,45-54,4/2/2024
C01654,BC,25-34,3/23/2023
C01655,BC,25-34,1/8/2024
C01656,Ontario,18-24,5/2/2024
C01657,Alberta,55+,9/1/2023
C01658,BC,18-24,10/12/2024
C01659,Alberta,25-34,3/26/2023
C01660,Ontario,35-44,12/15/2024
C01661,Alberta,35-44,6/25/2024
C01662,Ontario,25-34,4/22/2024
C01663,BC,45-54,7/14/2024
C01664,Alberta,25-34,12/26/2023
C01665,Ontario,18-24,12/23/2023
C01666,Ontario,18-24,5/28/2023
C01667,BC,18-24,1/19/2023
C01668,Quebec,55+,6/22/2025
C01669,Quebec,25-34,8/23/2023
C01670,Ontario,35-44,6/13/2025
C01671,Ontario,55+,7/2/2023
C01672,Ontario,45-54,2/15/2025
C01673,Ontario,25-34,3/3/2025
C01674,Ontario,18-24,2/10/2023
C01675,Ontario,35-44,5/30/2024
C01676,Manitoba,18-24,9/8/2024
C01677,Quebec,18-24,5/31/2023
C01678,Quebec,45-54,6/2/2023
C01679,Quebec,35-44,12/18/2024
C01680,BC,55+,6/29/2025
C01681,Alberta,55+,2/8/2023
C01682,Ontario,25-34,6/16/2024
C01683,Alberta,35-44,12/16/2023
C01684,Ontario,35-44,3/31/2023
C01685,BC,18-24,9/15/2024
C01686,Alberta,35-44,6/18/2024
C01687,BC,18-24,3/26/2025
C01688,BC,45-54,4/10/2023
C01689,Quebec,45-54,4/2/2023
C01690,BC,25-34,2/26/2024
C01691,BC,35-44,5/30/2025
C01692,Quebec,35-44,6/26/2025
C01693,Alberta,18-24,12/21/2023
C01694,Ontario,18-24,12/15/2024
C01695,Quebec,45-54,9/18/2023
C01696,Ontario,25-34,7/31/2024
C01697,Quebec,35-44,3/6/2024
C01698,Alberta,35-44,12/28/2023
C01699,Alberta,35-44,7/11/2024
C01700,Quebec,18-24,12/25/2024
C01701,Ontario,45-54,11/29/2023
C01702,Alberta,25-34,8/17/2024
C01703,Ontario,55+,4/7/2023
C01704,Ontario,25-34,5/14/2023
C01705,BC,25-34,9/12/2024
C01706,Quebec,18-24,8/16/2023
C01707,Manitoba,18-24,11/16/2024
C01708,BC,45-54,2/5/2025
C01709,Quebec,18-24,10/24/2024
C01710,Ontario,45-54,6/18/2024
C01711,Quebec,35-44,12/27/2023
C01712,Ontario,35-44,5/6/2024
C01713,Alberta,45-54,1/23/2024
C01714,Ontario,35-44,9/27/2024
C01715,BC,25-34,6/16/2025
C01716,Quebec,45-54,7/6/2024
C01717,Ontario,25-34,5/26/2025
C01718,BC,18-24,10/9/2023
C01719,Quebec,35-44,1/29/2023
C01720,Alberta,18-24,2/13/2024
C01721,BC,35-44,4/29/2023
C01722,Ontario,25-34,12/10/2024
C01723,Ontario,25-34,10/3/2024
C01724,Ontario,25-34,6/30/2024
C01725,Ontario,25-34,1/12/2023
C01726,Quebec,25-34,4/19/2024
C01727,Manitoba,25-34,8/18/2024
C01728,Quebec,25-34,9/12/2023
C01729,BC,25-34,9/15/2024
C01730,Ontario,35-44,11/15/2023
C01731,BC,25-34,4/13/2023
C01732,Alberta,25-34,4/17/2023
C01733,BC,45-54,10/7/2023
C01734,BC,25-34,5/5/2023
C01735,BC,18-24,6/4/2025
C01736,Ontario,35-44,3/31/2023
C01737,Alberta,18-24,1/12/2023
C01738,Ontario,25-34,9/3/2023
C01739,Ontario,25-34,1/5/2024
C01740,Quebec,25-34,4/25/2024
C01741,BC,35-44,1/5/2025
C01742,Ontario,25-34,4/14/2023
C01743,BC,35-44,1/24/2023
C01744,BC,25-34,12/11/2023
C01745,Ontario,45-54,9/9/2023
C01746,Ontario,45-54,5/29/2025
C01747,Ontario,25-34,8/19/2024
C01748,Alberta,35-44,2/27/2025
C01749,Ontario,45-54,1/19/2025
C01750,Ontario,18-24,1/16/2024
C01751,Quebec,35-44,12/8/2023
C01752,Quebec,55+,2/10/2023
C01753,BC,25-34,11/26/2024
C01754,Quebec,35-44,10/3/2024
C01755,Ontario,45-54,9/11/2024
C01756,Alberta,35-44,10/11/2023
C01757,Ontario,55+,1/9/2025
C01758,Ontario,35-44,7/17/2024
C01759,Ontario,55+,7/12/2023
C01760,Ontario,25-34,2/14/2024
C01761,Ontario,35-44,11/23/2023
C01762,BC,25-34,11/21/2023
C01763,BC,35-44,5/7/2025
C01764,BC,18-24,2/19/2025
C01765,Ontario,18-24,7/6/2024
C01766,BC,18-24,8/7/2023
C01767,Quebec,25-34,2/5/2024
C01768,Alberta,25-34,1/29/2024
C01769,Alberta,35-44,6/8/2024
C01770,Ontario,35-44,6/8/2025
C01771,Ontario,25-34,10/24/2024
C01772,Ontario,25-34,10/5/2023
C01773,Ontario,45-54,1/7/2025
C01774,Quebec,45-54,10/10/2024
C01775,Quebec,45-54,4/2/2024
C01776,Quebec,45-54,7/21/2024
C01777,Quebec,45-54,7/4/2023
C01778,Ontario,35-44,10/1/2023
C01779,BC,25-34,6/30/2024
C01780,BC,25-34,1/27/2025
C01781,Ontario,18-24,11/6/2023
C01782,Quebec,45-54,5/31/2024
C01783,BC,25-34,6/18/2023
C01784,Quebec,45-54,7/7/2023
C01785,Quebec,25-34,9/23/2023
C01786,Manitoba,25-34,5/22/2023
C01787,BC,18-24,4/28/2025
C01788,Ontario,25-34,3/15/2025
C01789,Quebec,25-34,2/20/2023
C01790,BC,35-44,8/2/2023
C01791,Ontario,35-44,6/16/2025
C01792,Ontario,25-34,5/2/2025
C01793,Ontario,45-54,10/30/2023
C01794,BC,25-34,12/7/2023
C01795,Quebec,35-44,2/8/2024
C01796,Quebec,35-44,1/20/2023
C01797,Ontario,45-54,4/18/2024
C01798,Ontario,35-44,2/11/2023
C01799,BC,25-34,8/5/2023
C01800,Alberta,35-44,5/5/2023
C01801,Ontario,45-54,5/17/2023
C01802,BC,45-54,11/11/2024
C01803,Quebec,18-24,4/7/2024
C01804,Ontario,18-24,11/17/2024
C01805,Ontario,35-44,12/17/2024
C01806,Ontario,55+,8/13/2023
C01807,Quebec,35-44,11/22/2024
C01808,BC,25-34,12/6/2024
C01809,Quebec,35-44,1/10/2023
C01810,Alberta,25-34,3/31/2023
C01811,Ontario,25-34,2/27/2024
C01812,Ontario,25-34,9/25/2023
C01813,Quebec,25-34,2/17/2024
C01814,Ontario,35-44,5/29/2025
C01815,Ontario,45-54,4/16/2024
C01816,Ontario,18-24,7/4/2023
C01817,Ontario,25-34,12/27/2023
C01818,BC,35-44,3/9/2025
C01819,Quebec,55+,1/20/2023
C01820,Quebec,45-54,6/25/2025
C01821,Ontario,25-34,8/14/2024
C01822,Ontario,35-44,10/19/2023
C01823,BC,35-44,5/30/2023
C01824,BC,35-44,7/11/2024
C01825,Alberta,45-54,3/20/2024
C01826,Ontario,35-44,8/6/2024
C01827,Ontario,25-34,10/21/2024
C01828,Ontario,35-44,5/26/2024
C01829,Quebec,25-34,10/22/2023
C01830,Alberta,18-24,10/22/2024
C01831,Manitoba,35-44,7/21/2024
C01832,Quebec,25-34,8/24/2023
C01833,Ontario,35-44,2/27/2024
C01834,Alberta,45-54,5/4/2024
C01835,Alberta,18-24,10/31/2024
C01836,Ontario,18-24,9/24/2023
C01837,Ontario,18-24,8/22/2024
C01838,Alberta,55+,1/29/2025
C01839,Ontario,18-24,12/10/2023
C01840,BC,45-54,5/20/2025
C01841,BC,55+,12/29/2023
C01842,Ontario,18-24,9/10/2023
C01843,Quebec,35-44,8/18/2024
C01844,Ontario,35-44,4/6/2024
C01845,Quebec,18-24,2/17/2024
C01846,Alberta,25-34,7/26/2023
C01847,Ontario,25-34,12/30/2024
C01848,BC,25-34,1/16/2024
C01849,Quebec,35-44,1/12/2023
C01850,Ontario,35-44,11/22/2024
C01851,Ontario,18-24,5/17/2024
C01852,Manitoba,55+,8/3/2023
C01853,BC,25-34,2/2/2023
C01854,Quebec,55+,2/13/2024
C01855,BC,35-44,6/13/2025
C01856,Quebec,35-44,5/25/2023
C01857,Alberta,45-54,6/9/2023
C01858,Manitoba,45-54,3/27/2023
C01859,Alberta,25-34,2/3/2023
C01860,Ontario,35-44,12/24/2023
C01861,BC,25-34,4/4/2024
C01862,Ontario,25-34,1/20/2024
C01863,BC,18-24,12/1/2023
C01864,Manitoba,25-34,7/8/2023
C01865,Ontario,18-24,12/22/2024
C01866,Ontario,25-34,9/12/2024
C01867,BC,18-24,1/13/2024
C01868,Ontario,25-34,12/2/2024
C01869,BC,45-54,2/6/2023
C01870,Quebec,45-54,11/17/2023
C01871,Ontario,18-24,5/10/2023
C01872,Alberta,35-44,4/10/2023
C01873,Ontario,35-44,6/11/2024
C01874,Ontario,35-44,11/25/2024
C01875,Quebec,35-44,3/30/2023
C01876,Ontario,18-24,2/12/2023
C01877,Quebec,35-44,3/25/2023
C01878,Alberta,25-34,5/27/2025
C01879,Alberta,35-44,2/6/2025
C01880,Quebec,35-44,11/19/2024
C01881,Ontario,18-24,10/19/2024
C01882,BC,25-34,6/10/2023
C01883,Quebec,25-34,4/18/2024
C01884,Ontario,45-54,5/20/2024
C01885,Ontario,55+,9/9/2023
C01886,Alberta,25-34,2/3/2024
C01887,Ontario,35-44,5/1/2024
C01888,Ontario,18-24,8/7/2023
C01889,Alberta,25-34,4/12/2025
C01890,Alberta,18-24,1/14/2025
C01891,Quebec,35-44,12/27/2024
C01892,Quebec,55+,7/5/2023
C01893,BC,45-54,2/14/2024
C01894,Ontario,25-34,10/19/2023
C01895,BC,35-44,5/10/2023
C01896,BC,55+,9/7/2024
C01897,Quebec,18-24,8/25/2023
C01898,Ontario,25-34,3/27/2023
C01899,BC,18-24,4/24/2023
C01900,Ontario,35-44,4/14/2024
C01901,Quebec,45-54,1/11/2025
C01902,Alberta,25-34,6/24/2023
C01903,Ontario,25-34,2/12/2024
C01904,BC,25-34,4/1/2023
C01905,Alberta,35-44,4/4/2025
C01906,Alberta,18-24,4/19/2025
C01907,Ontario,25-34,11/29/2023
C01908,Ontario,18-24,7/11/2023
C01909,Ontario,18-24,5/18/2025
C01910,Ontario,45-54,7/24/2023
C01911,Quebec,25-34,11/25/2023
C01912,Ontario,25-34,11/6/2024
C01913,Ontario,35-44,4/21/2024
C01914,BC,25-34,1/22/2023
C01915,Ontario,25-34,1/24/2025
C01916,Ontario,25-34,6/24/2025
C01917,Ontario,45-54,7/6/2024
C01918,Alberta,18-24,2/10/2023
C01919,Quebec,35-44,5/28/2025
C01920,Ontario,45-54,9/5/2024
C01921,Ontario,45-54,10/14/2024
C01922,Manitoba,25-34,6/6/2025
C01923,Ontario,35-44,2/5/2023
C01924,Alberta,18-24,8/13/2023
C01925,BC,25-34,7/11/2023
C01926,Quebec,25-34,3/19/2025
C01927,Quebec,18-24,3/13/2025
C01928,BC,18-24,12/2/2024
C01929,Ontario,45-54,10/22/2024
C01930,Ontario,25-34,5/29/2024
C01931,Alberta,55+,7/15/2023
C01932,Quebec,18-24,5/3/2024
C01933,Manitoba,35-44,7/21/2023
C01934,Ontario,35-44,3/9/2024
C01935,BC,35-44,4/14/2025
C01936,Manitoba,35-44,9/1/2023
C01937,Ontario,18-24,2/8/2025
C01938,Ontario,25-34,3/10/2023
C01939,Manitoba,45-54,9/3/2024
C01940,BC,35-44,2/2/2025
C01941,Ontario,25-34,6/8/2025
C01942,Ontario,18-24,12/3/2023
C01943,Alberta,35-44,7/25/2024
C01944,Ontario,45-54,4/5/2023
C01945,Quebec,25-34,9/8/2023
C01946,Ontario,55+,4/22/2025
C01947,Ontario,25-34,11/12/2023
C01948,Ontario,35-44,4/10/2024
C01949,Quebec,25-34,9/13/2023
C01950,BC,35-44,1/29/2024
C01951,Quebec,25-34,4/8/2023
C01952,Ontario,25-34,5/25/2024
C01953,Alberta,55+,4/30/2024
C01954,BC,35-44,10/25/2023
C01955,Alberta,18-24,1/29/2024
C01956,BC,25-34,2/12/2025
C01957,Quebec,25-34,3/22/2023
C01958,BC,18-24,4/18/2025
C01959,Alberta,35-44,6/21/2023
C01960,Alberta,25-34,5/8/2025
C01961,Ontario,18-24,7/14/2023
C01962,Alberta,25-34,5/13/2023
C01963,Ontario,25-34,8/6/2024
C01964,Ontario,45-54,6/4/2025
C01965,Alberta,25-34,1/11/2024
C01966,Alberta,45-54,4/2/2023
C01967,Quebec,35-44,4/23/2023
C01968,Alberta,35-44,4/3/2024
C01969,BC,35-44,11/26/2024
C01970,BC,35-44,3/26/2024
C01971,BC,25-34,4/16/2024
C01972,BC,25-34,1/9/2023
C01973,Quebec,25-34,2/17/2024
C01974,Quebec,35-44,8/31/2023
C01975,Ontario,35-44,6/29/2023
C01976,BC,25-34,11/11/2023
C01977,Ontario,25-34,2/3/2023
C01978,BC,25-34,4/4/2025
C01979,Ontario,18-24,8/10/2024
C01980,Ontario,45-54,2/10/2023
C01981,Ontario,45-54,1/16/2024
C01982,BC,18-24,2/1/2025
C01983,Quebec,45-54,4/19/2024
C01984,Manitoba,25-34,8/22/2023
C01985,BC,35-44,9/4/2023
C01986,Quebec,35-44,7/11/2024
C01987,BC,35-44,5/21/2024
C01988,BC,35-44,7/28/2024
C01989,BC,25-34,4/5/2025
C01990,Ontario,25-34,12/28/2024
C01991,BC,25-34,2/19/2023
C01992,Ontario,55+,2/3/2025
C01993,BC,18-24,6/9/2024
C01994,Ontario,45-54,6/13/2023
C01995,Ontario,25-34,3/6/2023
C01996,Quebec,35-44,11/23/2023
C01997,BC,25-34,5/16/2023
C01998,Ontario,18-24,3/7/2025
C01999,Ontario,45-54,5/30/2023
C02000,BC,18-24,9/27/2024
C02001,BC,45-54,6/7/2024
C02002,Quebec,35-44,5/10/2025
C02003,Alberta,35-44,7/23/2024
C02004,Ontario,25-34,1/4/2024
C02005,Quebec,35-44,2/13/2025
C02006,Ontario,45-54,10/31/2024
C02007,Ontario,25-34,6/13/2024
C02008,Ontario,45-54,5/13/2024
C02009,Ontario,35-44,9/13/2023
C02010,Ontario,25-34,8/9/2024
C02011,BC,45-54,11/23/2024
C02012,BC,25-34,4/12/2023
C02013,Ontario,45-54,3/15/2023
C02014,BC,25-34,1/13/2024
C02015,BC,35-44,4/19/2024
C02016,Ontario,35-44,10/15/2023
C02017,Alberta,25-34,10/5/2023
C02018,Ontario,45-54,3/18/2023
C02019,Alberta,25-34,1/28/2025
C02020,Ontario,45-54,1/11/2025
C02021,BC,35-44,5/26/2025
C02022,BC,18-24,4/30/2023
C02023,Ontario,25-34,2/10/2023
C02024,Quebec,45-54,2/20/2025
C02025,Ontario,25-34,10/13/2024
C02026,Ontario,35-44,2/24/2023
C02027,Ontario,25-34,8/7/2023
C02028,Ontario,25-34,5/31/2023
C02029,BC,45-54,3/10/2024
C02030,BC,25-34,5/10/2023
C02031,Quebec,35-44,1/15/2024
C02032,Ontario,25-34,9/6/2024
C02033,Ontario,25-34,9/29/2023
C02034,Alberta,45-54,5/20/2024
C02035,Ontario,18-24,6/18/2024
C02036,BC,35-44,6/4/2023
C02037,Quebec,25-34,11/22/2024
C02038,Ontario,18-24,8/5/2024
C02039,Ontario,18-24,4/8/2024
C02040,BC,35-44,5/1/2024
C02041,BC,25-34,5/19/2023
C02042,Quebec,35-44,5/22/2023
C02043,Manitoba,25-34,7/18/2023
C02044,Ontario,45-54,8/23/2024
C02045,Ontario,35-44,5/19/2023
C02046,Quebec,35-44,3/23/2025
C02047,Quebec,45-54,6/28/2024
C02048,Quebec,35-44,8/12/2023
C02049,Quebec,45-54,12/27/2023
C02050,BC,45-54,4/26/2023
C02051,Quebec,45-54,1/20/2023
C02052,Manitoba,25-34,11/20/2023
C02053,BC,45-54,2/6/2023
C02054,Alberta,25-34,7/27/2024
C02055,Alberta,25-34,1/15/2024
C02056,Alberta,25-34,2/21/2024
C02057,BC,35-44,4/18/2023
C02058,BC,25-34,3/27/2023
C02059,Alberta,25-34,10/19/2023
C02060,BC,35-44,9/20/2024
C02061,Quebec,25-34,6/15/2025
C02062,Quebec,25-34,3/1/2024
C02063,BC,35-44,11/27/2024
C02064,Ontario,35-44,1/26/2024
C02065,BC,45-54,3/13/2023
C02066,Alberta,45-54,7/19/2023
C02067,Ontario,25-34,3/31/2023
C02068,Quebec,25-34,1/13/2025
C02069,Alberta,35-44,5/19/2024
C02070,Alberta,25-34,4/14/2025
C02071,Alberta,55+,7/7/2023
C02072,Ontario,18-24,12/11/2024
C02073,BC,35-44,4/5/2023
C02074,Ontario,35-44,5/20/2025
C02075,Manitoba,55+,1/18/2023
C02076,Ontario,45-54,10/20/2024
C02077,Quebec,45-54,6/18/2024
C02078,BC,55+,10/26/2023
C02079,Ontario,25-34,8/6/2023
C02080,Alberta,25-34,6/3/2024
C02081,Ontario,25-34,7/25/2024
C02082,Ontario,45-54,10/29/2024
C02083,Ontario,35-44,3/5/2024
C02084,Ontario,35-44,5/21/2024
C02085,Alberta,18-24,5/21/2023
C02086,Manitoba,18-24,7/2/2023
C02087,Quebec,18-24,1/22/2024
C02088,Alberta,35-44,6/18/2024
C02089,Quebec,25-34,11/28/2023
C02090,Ontario,35-44,6/17/2024
C02091,Alberta,25-34,10/18/2023
C02092,Ontario,25-34,10/4/2024
C02093,Alberta,18-24,3/30/2025
C02094,BC,45-54,2/12/2023
C02095,Ontario,35-44,8/31/2024
C02096,BC,35-44,5/16/2024
C02097,BC,35-44,3/26/2025
C02098,Quebec,25-34,4/1/2023
C02099,Quebec,18-24,2/3/2025
C02100,Quebec,45-54,1/26/2023
C02101,BC,45-54,4/15/2025
C02102,Alberta,25-34,1/17/2025
C02103,Quebec,25-34,9/24/2024
C02104,Quebec,25-34,5/11/2025
C02105,Ontario,18-24,1/8/2024
C02106,Ontario,35-44,6/29/2023
C02107,Quebec,25-34,12/16/2023
C02108,Alberta,55+,3/21/2025
C02109,Ontario,18-24,6/2/2025
C02110,Alberta,25-34,10/11/2023
C02111,Quebec,55+,10/31/2023
C02112,Alberta,35-44,11/22/2024
C02113,Quebec,25-34,4/26/2025
C02114,Quebec,25-34,1/16/2024
C02115,Ontario,18-24,2/25/2024
C02116,Ontario,45-54,5/31/2023
C02117,Ontario,25-34,11/24/2024
C02118,BC,55+,8/2/2024
C02119,Quebec,25-34,2/6/2025
C02120,Manitoba,55+,4/27/2023
C02121,BC,45-54,12/5/2023
C02122,Ontario,25-34,7/30/2024
C02123,BC,25-34,3/14/2025
C02124,BC,55+,11/13/2024
C02125,Manitoba,35-44,6/9/2025
C02126,BC,45-54,7/19/2024
C02127,Quebec,35-44,5/5/2024
C02128,Alberta,18-24,8/19/2024
C02129,Alberta,45-54,6/2/2024
C02130,BC,35-44,4/18/2024
C02131,Ontario,35-44,7/31/2023
C02132,Quebec,35-44,6/16/2025
C02133,Quebec,25-34,5/6/2025
C02134,Ontario,45-54,1/19/2025
C02135,Ontario,25-34,7/17/2023
C02136,Alberta,35-44,1/30/2023
C02137,Quebec,25-34,5/18/2025
C02138,Ontario,35-44,5/14/2025
C02139,Ontario,25-34,10/29/2024
C02140,BC,25-34,12/16/2023
C02141,Quebec,25-34,9/30/2024
C02142,Ontario,18-24,11/26/2024
C02143,Ontario,18-24,5/7/2024
C02144,BC,25-34,3/23/2024
C02145,Quebec,35-44,4/21/2025
C02146,Quebec,25-34,8/13/2024
C02147,Quebec,18-24,12/23/2024
C02148,Ontario,45-54,4/4/2024
C02149,Alberta,18-24,8/15/2023
C02150,Ontario,18-24,8/29/2024
C02151,BC,25-34,6/7/2024
C02152,Quebec,25-34,7/23/2024
C02153,BC,45-54,9/7/2024
C02154,Quebec,25-34,6/7/2024
C02155,Manitoba,35-44,5/3/2025
C02156,Alberta,25-34,8/6/2023
C02157,Ontario,18-24,5/8/2024
C02158,Quebec,35-44,5/26/2024
C02159,Ontario,35-44,2/13/2025
C02160,Quebec,35-44,3/8/2023
C02161,Alberta,25-34,8/31/2023
C02162,Ontario,55+,9/8/2024
C02163,Ontario,18-24,1/17/2025
C02164,BC,35-44,10/15/2023
C02165,Ontario,35-44,3/6/2024
C02166,BC,25-34,10/8/2024
C02167,Alberta,18-24,7/12/2024
C02168,Quebec,18-24,11/12/2024
C02169,Quebec,55+,7/8/2023
C02170,Manitoba,45-54,3/21/2023
C02171,Alberta,18-24,3/15/2024
C02172,Ontario,18-24,9/7/2023
C02173,Quebec,18-24,2/5/2023
C02174,Ontario,45-54,3/2/2024
C02175,Alberta,18-24,5/31/2023
C02176,Ontario,18-24,1/6/2024
C02177,Ontario,35-44,5/21/2023
C02178,Manitoba,45-54,2/14/2023
C02179,Quebec,35-44,12/12/2024
C02180,Ontario,25-34,3/9/2024
C02181,Quebec,45-54,9/3/2024
C02182,Ontario,25-34,8/2/2023
C02183,Alberta,35-44,2/19/2024
C02184,Ontario,25-34,2/26/2024
C02185,Ontario,35-44,4/21/2023
C02186,Quebec,25-34,1/7/2024
C02187,Quebec,25-34,12/18/2024
C02188,Quebec,35-44,2/19/2024
C02189,Quebec,45-54,4/1/2025
C02190,Quebec,45-54,7/20/2023
C02191,Quebec,25-34,6/3/2024
C02192,BC,45-54,9/25/2023
C02193,Quebec,25-34,2/1/2023
C02194,Quebec,25-34,4/26/2024
C02195,Ontario,35-44,2/14/2024
C02196,Ontario,25-34,6/12/2025
C02197,BC,25-34,1/31/2024
C02198,Manitoba,45-54,4/7/2023
C02199,Quebec,25-34,1/28/2024
C02200,Manitoba,18-24,9/7/2023
C02201,Ontario,55+,5/9/2023
C02202,Manitoba,18-24,5/23/2023
C02203,Alberta,25-34,4/26/2024
C02204,Ontario,45-54,3/13/2025
C02205,Ontario,45-54,4/1/2023
C02206,Manitoba,35-44,1/8/2023
C02207,Ontario,35-44,6/1/2024
C02208,Ontario,45-54,2/10/2024
C02209,Ontario,35-44,1/28/2025
C02210,Quebec,55+,5/25/2025
C02211,Ontario,25-34,9/19/2024
C02212,BC,25-34,2/28/2024
C02213,BC,18-24,11/17/2024
C02214,Quebec,25-34,3/18/2023
C02215,Alberta,45-54,4/22/2025
C02216,Alberta,18-24,9/1/2023
C02217,Quebec,35-44,7/18/2023
C02218,Ontario,18-24,5/26/2025
C02219,BC,25-34,1/18/2024
C02220,Ontario,25-34,1/4/2025
C02221,Ontario,55+,11/20/2023
C02222,Ontario,25-34,1/21/2025
C02223,Ontario,35-44,7/20/2024
C02224,Ontario,35-44,12/22/2023
C02225,Ontario,25-34,7/18/2023
C02226,Ontario,25-34,3/16/2025
C02227,Quebec,25-34,4/2/2025
C02228,Quebec,18-24,12/19/2023
C02229,BC,18-24,12/14/2023
C02230,BC,35-44,2/22/2025
C02231,Ontario,18-24,3/2/2025
C02232,Manitoba,25-34,7/14/2024
C02233,Quebec,18-24,3/11/2024
C02234,BC,18-24,3/3/2025
C02235,Ontario,18-24,12/12/2023
C02236,Ontario,45-54,10/5/2023
C02237,Quebec,25-34,4/27/2025
C02238,Quebec,25-34,7/30/2023
C02239,Quebec,18-24,3/27/2025
C02240,Ontario,35-44,4/1/2025
C02241,Quebec,18-24,7/22/2023
C02242,Alberta,18-24,3/5/2023
C02243,Ontario,55+,7/11/2024
C02244,Quebec,35-44,1/1/2023
C02245,Ontario,35-44,11/1/2024
C02246,BC,45-54,8/15/2023
C02247,BC,18-24,12/18/2024
C02248,Alberta,45-54,4/19/2023
C02249,Ontario,35-44,1/29/2025
C02250,Manitoba,25-34,4/27/2023
C02251,Alberta,18-24,1/16/2024
C02252,Ontario,35-44,6/29/2023
C02253,Quebec,25-34,8/8/2024
C02254,Alberta,18-24,1/22/2024
C02255,Quebec,55+,7/27/2024
C02256,Quebec,18-24,2/16/2025
C02257,Ontario,25-34,6/19/2023
C02258,Ontario,35-44,3/4/2025
C02259,BC,25-34,10/5/2023
C02260,BC,55+,1/31/2023
C02261,Quebec,35-44,11/2/2024
C02262,Quebec,35-44,6/13/2023
C02263,Ontario,35-44,7/18/2023
C02264,Ontario,55+,3/13/2023
C02265,Ontario,25-34,5/9/2024
C02266,BC,45-54,3/7/2025
C02267,Alberta,18-24,12/12/2024
C02268,Ontario,35-44,1/26/2025
C02269,Alberta,35-44,3/21/2024
C02270,BC,35-44,4/29/2023
C02271,Alberta,25-34,3/30/2023
C02272,Ontario,35-44,11/12/2024
C02273,Ontario,35-44,11/26/2024
C02274,Ontario,45-54,2/6/2023
C02275,Quebec,45-54,12/14/2023
C02276,BC,25-34,6/9/2023
C02277,Ontario,35-44,6/12/2023
C02278,Quebec,35-44,4/5/2024
C02279,Ontario,25-34,6/25/2025
C02280,BC,25-34,10/8/2024
C02281,Alberta,25-34,4/22/2023
C02282,Ontario,25-34,1/20/2025
C02283,Ontario,25-34,1/10/2024
C02284,Alberta,25-34,9/23/2024
C02285,Quebec,25-34,9/9/2023
C02286,Manitoba,45-54,1/29/2024
C02287,Quebec,25-34,5/8/2025
C02288,Ontario,18-24,3/11/2023
C02289,BC,35-44,10/8/2024
C02290,BC,25-34,10/27/2023
C02291,Ontario,25-34,8/11/2024
C02292,BC,55+,6/27/2025
C02293,Ontario,25-34,2/20/2025
C02294,Quebec,25-34,6/8/2025
C02295,Quebec,35-44,2/4/2024
C02296,BC,25-34,6/13/2024
C02297,Ontario,45-54,7/9/2023
C02298,Ontario,25-34,11/18/2024
C02299,Quebec,25-34,4/18/2023
C02300,Alberta,35-44,4/4/2023
C02301,Manitoba,45-54,6/8/2024
C02302,Ontario,35-44,7/3/2024
C02303,Quebec,25-34,3/27/2025
C02304,Alberta,25-34,5/31/2023
C02305,Quebec,25-34,1/27/2025
C02306,Manitoba,35-44,10/2/2023
C02307,Ontario,18-24,3/13/2023
C02308,Ontario,35-44,4/9/2024
C02309,Alberta,45-54,3/14/2025
C02310,Alberta,35-44,1/27/2024
C02311,Quebec,45-54,4/4/2025
C02312,Alberta,18-24,5/15/2025
C02313,Ontario,35-44,6/7/2023
C02314,Ontario,35-44,1/6/2023
C02315,Ontario,25-34,1/17/2024
C02316,Alberta,35-44,8/23/2023
C02317,BC,25-34,1/3/2023
C02318,Ontario,35-44,6/1/2023
C02319,Ontario,35-44,4/2/2023
C02320,BC,25-34,3/2/2025
C02321,Ontario,18-24,6/7/2024
C02322,Ontario,35-44,11/5/2024
C02323,Quebec,25-34,7/1/2024
C02324,Quebec,35-44,4/11/2024
C02325,BC,35-44,2/17/2023
C02326,Alberta,45-54,5/13/2024
C02327,Ontario,18-24,5/26/2024
C02328,Ontario,35-44,3/15/2025
C02329,Ontario,35-44,6/16/2023
C02330,Ontario,35-44,4/11/2025
C02331,Manitoba,35-44,12/4/2023
C02332,Ontario,18-24,1/22/2024
C02333,Ontario,25-34,11/25/2023
C02334,Quebec,35-44,8/26/2023
C02335,Quebec,25-34,2/26/2024
C02336,Manitoba,25-34,10/23/2024
C02337,Quebec,25-34,12/25/2024
C02338,Ontario,45-54,2/21/2025
C02339,Quebec,25-34,4/22/2023
C02340,BC,45-54,3/16/2023
C02341,Ontario,25-34,4/1/2023
C02342,Ontario,35-44,5/5/2023
C02343,Alberta,18-24,10/17/2023
C02344,Quebec,18-24,1/3/2025
C02345,Alberta,18-24,2/5/2023
C02346,Quebec,45-54,1/26/2025
C02347,BC,35-44,2/12/2025
C02348,Quebec,45-54,6/7/2024
C02349,Alberta,35-44,9/27/2023
C02350,Quebec,35-44,9/3/2024
C02351,Quebec,25-34,11/27/2024
C02352,Quebec,18-24,12/1/2023
C02353,BC,18-24,5/13/2025
C02354,Ontario,25-34,3/22/2024
C02355,Ontario,25-34,3/2/2024
C02356,Ontario,25-34,12/16/2023
C02357,Quebec,35-44,9/1/2023
C02358,BC,45-54,5/4/2025
C02359,BC,45-54,6/11/2024
C02360,BC,35-44,10/22/2023
C02361,Ontario,25-34,9/25/2023
C02362,Ontario,25-34,4/20/2023
C02363,Alberta,45-54,4/25/2024
C02364,BC,25-34,5/22/2023
C02365,Manitoba,35-44,8/11/2023
C02366,Quebec,45-54,2/25/2024
C02367,Alberta,25-34,6/27/2023
C02368,Alberta,35-44,12/16/2023
C02369,BC,45-54,1/26/2023
C02370,Alberta,18-24,3/15/2025
C02371,Quebec,18-24,2/6/2024
C02372,BC,45-54,8/28/2023
C02373,Quebec,45-54,6/24/2025
C02374,Manitoba,25-34,4/24/2023
C02375,Quebec,25-34,10/19/2024
C02376,Ontario,35-44,10/2/2024
C02377,Alberta,25-34,3/4/2024
C02378,Ontario,18-24,2/9/2025
C02379,Alberta,45-54,3/23/2025
C02380,Ontario,35-44,6/29/2024
C02381,Manitoba,35-44,1/15/2025
C02382,BC,35-44,8/4/2024
C02383,Alberta,35-44,4/18/2024
C02384,Alberta,55+,10/23/2024
C02385,Ontario,35-44,4/12/2024
C02386,Ontario,18-24,8/27/2024
C02387,Ontario,25-34,5/21/2025
C02388,BC,25-34,12/13/2023
C02389,Alberta,25-34,7/31/2024
C02390,BC,45-54,2/17/2025
C02391,Alberta,25-34,2/23/2025
C02392,Quebec,25-34,9/11/2024
C02393,BC,55+,2/6/2023
C02394,Alberta,18-24,5/15/2024
C02395,Ontario,25-34,1/11/2025
C02396,BC,25-34,2/7/2024
C02397,BC,25-34,4/10/2024
C02398,BC,18-24,4/28/2024
C02399,BC,18-24,6/25/2025
C02400,Quebec,25-34,12/10/2023
C02401,BC,18-24,11/30/2023
C02402,BC,55+,8/29/2023
C02403,BC,18-24,5/19/2023
C02404,Alberta,25-34,1/12/2025
C02405,Quebec,35-44,6/25/2024
C02406,Ontario,45-54,10/1/2024
C02407,BC,55+,6/16/2025
C02408,Ontario,35-44,6/30/2024
C02409,Ontario,25-34,2/17/2024
C02410,Alberta,35-44,4/10/2024
C02411,Ontario,35-44,1/8/2025
C02412,Alberta,35-44,5/8/2025
C02413,Manitoba,25-34,3/29/2025
C02414,Ontario,45-54,9/18/2023
C02415,Ontario,35-44,3/10/2023
C02416,Quebec,35-44,5/13/2024
C02417,Alberta,25-34,8/3/2023
C02418,Manitoba,25-34,10/5/2023
C02419,Quebec,25-34,10/11/2023
C02420,Ontario,35-44,1/23/2024
C02421,BC,18-24,7/11/2024
C02422,Alberta,55+,11/3/2024
C02423,Alberta,25-34,12/13/2023
C02424,BC,45-54,5/2/2023
C02425,Ontario,25-34,5/31/2023
C02426,Quebec,18-24,7/3/2024
C02427,BC,18-24,6/30/2023
C02428,Ontario,18-24,12/3/2024
C02429,Quebec,25-34,9/17/2023
C02430,Ontario,25-34,6/4/2025
C02431,Quebec,18-24,6/3/2025
C02432,Ontario,25-34,8/27/2024
C02433,Quebec,18-24,1/20/2024
C02434,Quebec,35-44,5/23/2025
C02435,Ontario,35-44,3/26/2024
C02436,Ontario,25-34,5/12/2023
C02437,Ontario,25-34,6/23/2023
C02438,Quebec,18-24,1/7/2023
C02439,Ontario,35-44,7/26/2024
C02440,Quebec,55+,2/7/2025
C02441,Quebec,55+,1/2/2025
C02442,Ontario,25-34,2/26/2023
C02443,BC,35-44,1/13/2023
C02444,Ontario,25-34,1/28/2025
C02445,BC,18-24,3/31/2023
C02446,Quebec,35-44,6/1/2023
C02447,Ontario,25-34,1/28/2023
C02448,BC,35-44,11/22/2024
C02449,Alberta,25-34,4/17/2025
C02450,Alberta,18-24,6/23/2025
C02451,Ontario,45-54,1/27/2023
C02452,Quebec,18-24,3/18/2024
C02453,Quebec,25-34,4/11/2023
C02454,Quebec,35-44,3/13/2024
C02455,Quebec,45-54,2/19/2024
C02456,BC,18-24,3/3/2024
C02457,Manitoba,18-24,5/18/2024
C02458,Quebec,25-34,1/25/2025
C02459,BC,25-34,5/1/2025
C02460,BC,35-44,8/19/2024
C02461,Quebec,25-34,8/27/2024
C02462,Alberta,35-44,3/2/2025
C02463,Ontario,35-44,8/20/2023
C02464,Alberta,45-54,11/20/2023
C02465,Ontario,35-44,6/27/2025
C02466,BC,45-54,6/13/2023
C02467,Alberta,35-44,10/28/2023
C02468,Alberta,25-34,1/29/2025
C02469,BC,55+,10/11/2024
C02470,Alberta,25-34,10/22/2024
C02471,Quebec,25-34,5/12/2024
C02472,BC,35-44,9/12/2024
C02473,BC,25-34,4/22/2023
C02474,BC,18-24,4/27/2025
C02475,Ontario,18-24,5/16/2024
C02476,Quebec,18-24,1/24/2025
C02477,BC,45-54,6/30/2023
C02478,Manitoba,35-44,1/20/2025
C02479,Ontario,35-44,1/4/2025
C02480,BC,18-24,11/26/2024
C02481,Quebec,25-34,6/9/2025
C02482,BC,35-44,3/19/2023
C02483,BC,25-34,2/3/2025
C02484,Quebec,25-34,12/3/2024
C02485,BC,18-24,10/1/2023
C02486,Quebec,35-44,1/16/2024
C02487,Quebec,35-44,12/19/2024
C02488,BC,25-34,7/12/2023
C02489,Ontario,45-54,2/21/2024
C02490,BC,35-44,5/11/2024
C02491,BC,25-34,10/15/2023
C02492,Alberta,18-24,12/15/2024
C02493,Quebec,45-54,6/9/2025
C02494,Quebec,25-34,4/12/2023
C02495,Quebec,25-34,12/20/2024
C02496,Ontario,35-44,6/5/2025
C02497,Quebec,35-44,4/28/2023
C02498,Ontario,35-44,1/23/2024
C02499,Ontario,25-34,11/20/2024
C02500,BC,18-24,1/11/2024
C02501,Ontario,18-24,2/2/2024
C02502,Quebec,18-24,8/21/2023
C02503,Quebec,45-54,10/18/2023
C02504,Alberta,55+,1/8/2024
C02505,Manitoba,25-34,11/16/2024
C02506,Quebec,25-34,2/14/2025
C02507,Quebec,25-34,4/20/2023
C02508,Ontario,18-24,5/29/2025
C02509,BC,35-44,3/17/2025
C02510,Quebec,25-34,10/31/2023
C02511,Ontario,25-34,5/15/2024
C02512,Quebec,45-54,8/14/2023
C02513,BC,35-44,1/27/2025
C02514,Quebec,18-24,3/18/2024
C02515,Quebec,18-24,5/28/2025
C02516,Ontario,35-44,9/14/2023
C02517,Manitoba,18-24,4/23/2025
C02518,Quebec,25-34,11/1/2024
C02519,Ontario,35-44,2/17/2023
C02520,Ontario,45-54,1/30/2023
C02521,Alberta,35-44,9/6/2024
C02522,Quebec,25-34,1/16/2023
C02523,Ontario,45-54,7/6/2024
C02524,Ontario,25-34,9/12/2023
C02525,Quebec,18-24,12/25/2024
C02526,BC,35-44,6/14/2025
C02527,Ontario,18-24,3/2/2025
C02528,Ontario,18-24,8/23/2023
C02529,Quebec,18-24,7/30/2024
C02530,Quebec,18-24,12/22/2023
C02531,Quebec,35-44,4/24/2023
C02532,Quebec,35-44,6/6/2024
C02533,BC,25-34,8/23/2024
C02534,Quebec,25-34,8/14/2024
C02535,Ontario,18-24,8/9/2023
C02536,Ontario,18-24,10/2/2023
C02537,Quebec,35-44,8/22/2023
C02538,BC,35-44,1/19/2023
C02539,Alberta,35-44,11/1/2024
C02540,Quebec,18-24,9/25/2023
C02541,Alberta,45-54,6/28/2024
C02542,Ontario,35-44,8/4/2024
C02543,Ontario,25-34,4/12/2023
C02544,BC,25-34,10/25/2023
C02545,Ontario,45-54,9/7/2023
C02546,Ontario,25-34,2/25/2023
C02547,Manitoba,35-44,3/31/2025
C02548,Alberta,25-34,7/27/2023
C02549,Alberta,35-44,3/20/2025
C02550,Quebec,45-54,11/27/2024
C02551,Ontario,25-34,3/14/2025
C02552,Alberta,35-44,2/5/2024
C02553,Quebec,25-34,5/26/2023
C02554,Ontario,25-34,1/4/2023
C02555,BC,55+,12/15/2023
C02556,Ontario,18-24,9/8/2023
C02557,Ontario,18-24,3/10/2024
C02558,Ontario,35-44,2/8/2024
C02559,Quebec,35-44,3/26/2024
C02560,Alberta,18-24,8/20/2023
C02561,Ontario,35-44,7/22/2024
C02562,Quebec,45-54,2/2/2024
C02563,Ontario,45-54,1/1/2025
C02564,Ontario,18-24,5/29/2025
C02565,BC,18-24,3/22/2025
C02566,Alberta,25-34,4/16/2023
C02567,Quebec,25-34,3/3/2025
C02568,Quebec,18-24,7/29/2024
C02569,Alberta,25-34,6/13/2025
C02570,Ontario,55+,1/21/2024
C02571,Ontario,25-34,4/25/2025
C02572,Quebec,25-34,1/6/2023
C02573,BC,18-24,3/26/2025
C02574,Quebec,35-44,8/22/2024
C02575,BC,25-34,1/9/2025
C02576,Ontario,25-34,3/22/2023
C02577,Ontario,25-34,1/28/2023
C02578,Alberta,25-34,5/27/2025
C02579,Ontario,35-44,6/11/2025
C02580,Ontario,35-44,5/16/2025
C02581,Ontario,18-24,3/25/2024
C02582,Quebec,25-34,9/12/2023
C02583,BC,18-24,12/25/2024
C02584,Ontario,18-24,11/11/2024
C02585,Ontario,55+,1/25/2025
C02586,Alberta,25-34,1/22/2024
C02587,Quebec,25-34,5/19/2024
C02588,BC,55+,8/5/2024
C02589,Quebec,25-34,2/7/2025
C02590,Ontario,35-44,8/26/2023
C02591,Ontario,55+,10/18/2023
C02592,Quebec,45-54,2/4/2023
C02593,Quebec,55+,7/9/2023
C02594,Quebec,45-54,2/4/2024
C02595,Quebec,35-44,7/12/2023
C02596,Alberta,25-34,1/21/2024
C02597,BC,25-34,2/8/2025
C02598,BC,25-34,11/11/2023
C02599,Quebec,45-54,2/11/2023
C02600,Quebec,25-34,1/8/2025
C02601,Manitoba,25-34,6/9/2023
C02602,BC,35-44,10/17/2024
C02603,Ontario,25-34,12/31/2023
C02604,Alberta,35-44,9/24/2024
C02605,Ontario,35-44,11/1/2023
C02606,Ontario,25-34,11/23/2024
C02607,BC,25-34,11/18/2023
C02608,Ontario,25-34,2/6/2023
C02609,Ontario,18-24,3/12/2024
C02610,Quebec,18-24,3/10/2024
C02611,Quebec,18-24,8/10/2024
C02612,Ontario,35-44,4/13/2025
C02613,BC,35-44,12/28/2024
C02614,Ontario,25-34,5/10/2023
C02615,Alberta,18-24,5/10/2023
C02616,Quebec,18-24,2/17/2024
C02617,Ontario,55+,11/18/2023
C02618,Ontario,25-34,9/28/2023
C02619,Ontario,18-24,8/22/2023
C02620,Quebec,18-24,4/30/2024
C02621,Ontario,35-44,4/25/2023
C02622,BC,35-44,11/15/2024
C02623,Ontario,55+,5/2/2025
C02624,Quebec,45-54,12/2/2023
C02625,Ontario,18-24,3/30/2024
C02626,Quebec,45-54,9/9/2023
C02627,Alberta,55+,10/30/2024
C02628,Ontario,25-34,11/3/2024
C02629,BC,18-24,8/22/2024
C02630,Ontario,25-34,3/10/2024
C02631,Ontario,45-54,1/4/2024
C02632,Ontario,55+,2/2/2025
C02633,BC,55+,4/30/2025
C02634,Ontario,25-34,9/18/2023
C02635,Ontario,35-44,9/16/2023
C02636,Alberta,35-44,12/14/2023
C02637,Ontario,25-34,8/24/2024
C02638,Quebec,55+,5/19/2023
C02639,Manitoba,45-54,2/17/2025
C02640,Quebec,18-24,6/2/2024
C02641,Quebec,18-24,12/12/2023
C02642,BC,35-44,5/28/2025
C02643,Ontario,35-44,11/20/2023
C02644,Quebec,18-24,10/2/2023
C02645,Alberta,25-34,3/12/2025
C02646,BC,55+,10/11/2024
C02647,Alberta,25-34,5/10/2023
C02648,Quebec,35-44,3/30/2024
C02649,Quebec,35-44,4/18/2023
C02650,Quebec,18-24,11/5/2024
C02651,Quebec,25-34,10/15/2023
C02652,BC,55+,2/4/2025
C02653,BC,25-34,9/28/2023
C02654,Ontario,55+,6/7/2024
C02655,Ontario,45-54,7/10/2023
C02656,Alberta,25-34,9/14/2024
C02657,Alberta,25-34,4/24/2025
C02658,BC,25-34,10/26/2023
C02659,Ontario,25-34,12/12/2024
C02660,Alberta,45-54,1/12/2025
C02661,Alberta,25-34,5/2/2025
C02662,Ontario,45-54,6/22/2024
C02663,BC,35-44,7/2/2023
C02664,Quebec,25-34,7/28/2023
C02665,Quebec,25-34,12/15/2024
C02666,Ontario,25-34,7/19/2023
C02667,Quebec,55+,5/3/2023
C02668,BC,35-44,10/15/2023
C02669,Quebec,18-24,2/16/2025
C02670,Manitoba,35-44,1/10/2024
C02671,BC,35-44,4/2/2023
C02672,BC,25-34,10/5/2024
C02673,Quebec,25-34,5/24/2024
C02674,Ontario,25-34,1/23/2025
C02675,Quebec,25-34,9/25/2024
C02676,Alberta,18-24,4/19/2024
C02677,BC,25-34,5/14/2024
C02678,Alberta,35-44,3/17/2025
C02679,Quebec,35-44,6/20/2023
C02680,Ontario,18-24,1/18/2023
C02681,Alberta,45-54,2/1/2023
C02682,Ontario,25-34,12/9/2024
C02683,Quebec,35-44,4/29/2024
C02684,Ontario,35-44,10/29/2024
C02685,BC,25-34,10/22/2023
C02686,Alberta,45-54,4/24/2025
C02687,Ontario,35-44,12/26/2024
C02688,Quebec,45-54,6/4/2023
C02689,BC,35-44,2/22/2023
C02690,Ontario,18-24,9/22/2023
C02691,Quebec,25-34,4/19/2024
C02692,BC,25-34,3/29/2025
C02693,Ontario,25-34,10/13/2024
C02694,BC,25-34,2/18/2025
C02695,Quebec,25-34,9/2/2024
C02696,Alberta,25-34,9/23/2024
C02697,Quebec,45-54,4/20/2024
C02698,BC,25-34,10/13/2023
C02699,Quebec,18-24,10/28/2024
C02700,BC,25-34,3/21/2025
C02701,Quebec,35-44,12/18/2023
C02702,Alberta,25-34,11/10/2023
C02703,Quebec,25-34,8/18/2023
C02704,Quebec,25-34,8/20/2023
C02705,Alberta,35-44,6/1/2024
C02706,Ontario,18-24,1/26/2025
C02707,Alberta,35-44,5/9/2023
C02708,Quebec,18-24,10/26/2023
C02709,Quebec,55+,1/21/2023
C02710,Quebec,25-34,12/16/2024
C02711,Ontario,25-34,6/7/2024
C02712,Ontario,35-44,1/11/2024
C02713,Ontario,18-24,8/17/2023
C02714,Quebec,25-34,6/23/2023
C02715,Quebec,35-44,6/28/2023
C02716,Ontario,18-24,4/27/2025
C02717,Alberta,25-34,4/4/2024
C02718,Alberta,25-34,5/1/2024
C02719,BC,35-44,6/28/2025
C02720,BC,25-34,5/17/2023
C02721,BC,35-44,9/15/2023
C02722,BC,25-34,6/6/2023
C02723,BC,25-34,4/8/2025
C02724,Quebec,25-34,6/30/2024
C02725,Ontario,18-24,3/27/2023
C02726,Quebec,55+,10/6/2024
C02727,BC,35-44,7/15/2024
C02728,Ontario,35-44,11/7/2023
C02729,BC,25-34,4/12/2024
C02730,Ontario,45-54,6/7/2025
C02731,Ontario,35-44,4/25/2024
C02732,Alberta,18-24,3/22/2025
C02733,Alberta,35-44,8/3/2024
C02734,BC,25-34,2/13/2025
C02735,Alberta,35-44,12/9/2024
C02736,Ontario,25-34,10/2/2024
C02737,BC,25-34,7/30/2023
C02738,BC,45-54,12/13/2024
C02739,BC,45-54,11/9/2024
C02740,Alberta,45-54,1/28/2024
C02741,BC,18-24,11/4/2023
C02742,Ontario,35-44,4/8/2024
C02743,Quebec,18-24,4/30/2025
C02744,Ontario,18-24,9/14/2024
C02745,Ontario,18-24,12/18/2024
C02746,BC,35-44,4/28/2024
C02747,Alberta,25-34,3/14/2025
C02748,BC,45-54,6/7/2025
C02749,BC,35-44,6/3/2023
C02750,Ontario,35-44,4/21/2023
C02751,BC,55+,2/17/2025
C02752,Ontario,35-44,11/13/2024
C02753,Ontario,45-54,3/6/2025
C02754,Ontario,25-34,7/5/2024
C02755,BC,45-54,1/16/2025
C02756,BC,55+,1/10/2024
C02757,Alberta,25-34,1/11/2023
C02758,BC,25-34,2/18/2025
C02759,Alberta,25-34,3/1/2024
C02760,BC,25-34,12/13/2023
C02761,Quebec,35-44,11/28/2023
C02762,Manitoba,25-34,2/2/2023
C02763,Ontario,25-34,1/5/2023
C02764,Ontario,18-24,10/4/2023
C02765,Ontario,45-54,1/30/2023
C02766,Ontario,18-24,2/21/2024
C02767,Quebec,35-44,8/8/2024
C02768,Quebec,25-34,5/27/2024
C02769,BC,25-34,6/24/2024
C02770,Ontario,18-24,11/23/2023
C02771,BC,45-54,7/16/2024
C02772,BC,55+,12/19/2023
C02773,Alberta,18-24,7/12/2023
C02774,Manitoba,25-34,1/4/2025
C02775,Ontario,18-24,2/17/2023
C02776,Manitoba,18-24,2/21/2024
C02777,Ontario,35-44,2/9/2025
C02778,Ontario,18-24,8/11/2023
C02779,Quebec,25-34,12/6/2024
C02780,Alberta,25-34,4/14/2023
C02781,Ontario,25-34,2/24/2025
C02782,Quebec,25-34,12/28/2024
C02783,Ontario,55+,1/5/2025
C02784,Ontario,18-24,5/5/2025
C02785,BC,25-34,12/13/2024
C02786,Quebec,25-34,10/13/2024
C02787,Ontario,25-34,10/10/2023
C02788,Quebec,45-54,7/6/2023
C02789,Ontario,18-24,5/1/2024
C02790,Ontario,35-44,4/16/2025
C02791,Quebec,18-24,11/5/2024
C02792,Ontario,25-34,10/27/2024
C02793,Alberta,35-44,6/5/2024
C02794,Quebec,18-24,4/2/2024
C02795,Ontario,45-54,2/2/2025
C02796,Quebec,25-34,3/30/2025
C02797,Alberta,25-34,1/3/2023
C02798,Quebec,25-34,4/5/2024
C02799,Ontario,45-54,10/22/2024
C02800,Ontario,35-44,11/4/2024
C02801,Quebec,18-24,2/23/2023
C02802,Alberta,45-54,1/8/2024
C02803,Ontario,55+,3/4/2025
C02804,BC,35-44,6/5/2024
C02805,Ontario,25-34,12/30/2023
C02806,Ontario,18-24,5/28/2023
C02807,Ontario,25-34,11/25/2024
C02808,BC,45-54,5/5/2025
C02809,BC,25-34,12/29/2023
C02810,BC,18-24,12/2/2023
C02811,BC,25-34,2/16/2023
C02812,Ontario,25-34,8/17/2023
C02813,Alberta,35-44,11/19/2024
C02814,Ontario,25-34,5/15/2025
C02815,Quebec,25-34,9/10/2024
C02816,Ontario,18-24,7/27/2024
C02817,Quebec,25-34,5/16/2023
C02818,BC,55+,6/29/2025
C02819,Alberta,25-34,5/21/2023
C02820,Quebec,18-24,10/8/2023
C02821,Alberta,25-34,2/14/2023
C02822,Alberta,25-34,7/14/2024
C02823,Quebec,35-44,10/25/2023
C02824,Ontario,45-54,10/11/2023
C02825,Ontario,55+,4/8/2025
C02826,Ontario,25-34,6/16/2023
C02827,Manitoba,45-54,5/14/2024
C02828,BC,18-24,1/9/2025
C02829,Ontario,35-44,6/15/2023
C02830,Ontario,25-34,1/10/2023
C02831,Ontario,18-24,8/14/2024
C02832,Quebec,25-34,11/4/2023
C02833,Ontario,25-34,7/24/2023
C02834,BC,35-44,4/22/2024
C02835,BC,55+,3/18/2024
C02836,Quebec,18-24,1/13/2023
C02837,BC,45-54,10/26/2024
C02838,Quebec,25-34,9/8/2024
C02839,Ontario,18-24,2/23/2025
C02840,Quebec,25-34,9/19/2023
C02841,Quebec,25-34,10/22/2024
C02842,Alberta,35-44,9/13/2023
C02843,Ontario,25-34,10/4/2023
C02844,Quebec,35-44,2/16/2024
C02845,BC,25-34,4/23/2025
C02846,BC,45-54,11/24/2023
C02847,BC,25-34,5/18/2025
C02848,Quebec,45-54,7/30/2023
C02849,Alberta,25-34,5/9/2024
C02850,BC,35-44,3/22/2024
C02851,Manitoba,45-54,3/23/2023
C02852,Ontario,18-24,1/20/2023
C02853,Ontario,18-24,7/23/2023
C02854,Quebec,55+,10/6/2024
C02855,BC,25-34,10/24/2024
C02856,Quebec,45-54,9/10/2024
C02857,BC,25-34,12/24/2024
C02858,Quebec,18-24,5/17/2023
C02859,BC,25-34,12/9/2023
C02860,Ontario,35-44,1/11/2025
C02861,BC,18-24,10/1/2024
C02862,BC,35-44,1/9/2023
C02863,Ontario,18-24,4/14/2023
C02864,BC,18-24,3/11/2024
C02865,Ontario,35-44,6/14/2023
C02866,BC,45-54,10/13/2023
C02867,BC,35-44,4/24/2025
C02868,BC,18-24,4/1/2023
C02869,Ontario,25-34,1/17/2023
C02870,Ontario,35-44,6/27/2023
C02871,Ontario,25-34,1/23/2024
C02872,Ontario,35-44,7/14/2023
C02873,Quebec,25-34,1/14/2024
C02874,Ontario,55+,1/18/2025
C02875,BC,25-34,10/29/2023
C02876,Ontario,45-54,6/14/2024
C02877,Alberta,25-34,2/7/2025
C02878,BC,35-44,3/13/2023
C02879,Manitoba,25-34,3/7/2023
C02880,BC,25-34,2/21/2023
C02881,Ontario,18-24,9/5/2023
C02882,Quebec,35-44,1/8/2025
C02883,Ontario,25-34,5/29/2024
C02884,Quebec,25-34,7/28/2023
C02885,Ontario,18-24,9/12/2023
C02886,Ontario,35-44,1/24/2025
C02887,Quebec,35-44,9/13/2023
C02888,Ontario,25-34,9/6/2024
C02889,Quebec,35-44,1/31/2023
C02890,Ontario,45-54,9/23/2023
C02891,Quebec,25-34,3/15/2023
C02892,Quebec,35-44,3/23/2023
C02893,Quebec,45-54,7/1/2023
C02894,BC,25-34,9/6/2024
C02895,Alberta,18-24,3/11/2024
C02896,BC,18-24,11/10/2023
C02897,Quebec,35-44,7/17/2023
C02898,Quebec,25-34,7/5/2023
C02899,Quebec,18-24,6/26/2024
C02900,Ontario,18-24,6/13/2023
C02901,BC,25-34,9/27/2023
C02902,BC,25-34,1/6/2025
C02903,Ontario,55+,1/2/2025
C02904,BC,18-24,3/24/2023
C02905,BC,25-34,7/21/2023
C02906,Alberta,55+,8/21/2024
C02907,Alberta,18-24,5/16/2023
C02908,BC,45-54,8/4/2023
C02909,Quebec,45-54,8/4/2024
C02910,BC,25-34,5/18/2025
C02911,Manitoba,25-34,4/1/2023
C02912,Quebec,45-54,2/12/2023
C02913,Quebec,35-44,10/31/2024
C02914,Alberta,45-54,6/24/2023
C02915,Quebec,45-54,9/7/2023
C02916,Ontario,25-34,1/22/2024
C02917,Alberta,18-24,1/29/2024
C02918,BC,35-44,8/11/2024
C02919,Ontario,18-24,2/5/2024
C02920,Ontario,25-34,4/27/2025
C02921,Manitoba,18-24,5/2/2025
C02922,BC,25-34,9/28/2024
C02923,Manitoba,18-24,7/23/2023
C02924,Alberta,25-34,4/27/2025
C02925,Quebec,18-24,4/7/2025
C02926,Ontario,25-34,9/27/2023
C02927,Ontario,25-34,9/23/2023
C02928,Quebec,25-34,2/23/2025
C02929,Ontario,55+,6/23/2025
C02930,Quebec,25-34,12/4/2024
C02931,Ontario,35-44,6/23/2023
C02932,Quebec,25-34,11/29/2024
C02933,Quebec,45-54,12/10/2024
C02934,Alberta,35-44,6/6/2025
C02935,Quebec,45-54,1/18/2024
C02936,Ontario,18-24,6/25/2023
C02937,BC,25-34,8/31/2024
C02938,BC,25-34,10/6/2024
C02939,Alberta,35-44,3/4/2023
C02940,BC,35-44,3/6/2025
C02941,BC,55+,10/26/2023
C02942,Ontario,45-54,6/3/2024
C02943,Ontario,55+,5/2/2023
C02944,Ontario,35-44,2/22/2024
C02945,Quebec,18-24,1/18/2025
C02946,Alberta,55+,5/20/2024
C02947,Ontario,45-54,7/27/2023
C02948,Quebec,25-34,2/29/2024
C02949,BC,35-44,3/19/2023
C02950,Alberta,18-24,6/29/2023
C02951,Quebec,25-34,5/25/2023
C02952,Quebec,45-54,8/29/2023
C02953,Quebec,55+,6/19/2025
C02954,Quebec,25-34,2/17/2024
C02955,Ontario,25-34,5/27/2023
C02956,Alberta,35-44,4/29/2023
C02957,Alberta,45-54,6/3/2023
C02958,Ontario,35-44,6/9/2025
C02959,Ontario,25-34,5/10/2025
C02960,Manitoba,45-54,11/27/2023
C02961,Ontario,35-44,3/22/2025
C02962,Alberta,18-24,1/25/2023
C02963,Quebec,55+,8/9/2023
C02964,Ontario,35-44,10/19/2024
C02965,Ontario,25-34,1/2/2025
C02966,BC,18-24,2/8/2023
C02967,Alberta,18-24,1/26/2025
C02968,Ontario,55+,5/2/2024
C02969,Ontario,45-54,3/19/2025
C02970,Ontario,18-24,5/4/2024
C02971,Quebec,35-44,6/7/2023
C02972,Ontario,18-24,12/8/2023
C02973,BC,25-34,7/5/2023
C02974,Ontario,25-34,1/5/2025
C02975,Quebec,45-54,2/4/2023
C02976,Quebec,18-24,11/21/2024
C02977,Ontario,18-24,5/18/2025
C02978,Quebec,35-44,4/21/2024
C02979,Quebec,55+,8/27/2023
C02980,Ontario,35-44,2/23/2023
C02981,BC,35-44,3/23/2025
C02982,Quebec,35-44,8/20/2023
C02983,BC,25-34,4/15/2023
C02984,Quebec,18-24,12/8/2023
C02985,Ontario,25-34,1/2/2024
C02986,Alberta,25-34,7/18/2024
C02987,Quebec,55+,3/26/2024
C02988,Alberta,35-44,5/8/2024
C02989,Alberta,45-54,4/24/2025
C02990,Alberta,25-34,11/16/2023
C02991,Alberta,25-34,7/9/2024
C02992,Ontario,35-44,1/23/2025
C02993,Manitoba,18-24,7/20/2023
C02994,Quebec,25-34,2/8/2023
C02995,BC,35-44,2/23/2025
C02996,Ontario,35-44,9/24/2023
C02997,Quebec,25-34,9/24/2023
C02998,Manitoba,45-54,4/1/2025
C02999,BC,35-44,2/14/2025
C03000,BC,35-44,10/15/2024
