customer_id,last_login_date,support_tickets_90d
C00001,6/22/2025,0
C00002,3/24/2025,0
C00003,6/24/2025,0
C00004,6/22/2025,1
C00005,5/22/2025,0
C00006,6/4/2025,0
C00007,5/8/2025,0
C00008,5/14/2025,0
C00009,6/9/2025,0
C00010,5/23/2025,1
C00011,3/19/2025,0
C00012,3/26/2025,1
C00013,6/17/2025,0
C00014,5/20/2025,0
C00015,5/11/2025,0
C00016,5/22/2025,0
C00017,6/19/2025,0
C00018,4/15/2025,0
C00019,4/30/2025,0
C00020,4/15/2025,0
C00021,3/4/2025,0
C00022,6/8/2025,0
C00023,5/30/2025,1
C00024,6/10/2025,0
C00025,3/22/2025,0
C00026,6/21/2025,1
C00027,5/5/2025,0
C00028,5/14/2025,0
C00029,5/18/2025,0
C00030,4/27/2025,0
C00031,4/26/2025,0
C00032,6/26/2025,1
C00033,4/24/2025,0
C00034,3/6/2025,1
C00035,4/28/2025,0
C00036,3/8/2025,0
C00037,5/25/2025,1
C00038,6/28/2025,0
C00039,4/30/2025,0
C00040,4/30/2025,0
C00041,6/18/2025,0
C00042,4/12/2025,0
C00043,5/17/2025,0
C00044,4/14/2025,0
C00045,3/9/2025,0
C00046,4/3/2025,0
C00047,4/23/2025,0
C00048,3/16/2025,0
C00049,6/14/2025,0
C00050,5/31/2025,0
C00051,4/8/2025,0
C00052,6/8/2025,0
C00053,4/18/2025,1
C00054,5/16/2025,0
C00055,3/18/2025,0
C00056,6/4/2025,0
C00057,6/22/2025,0
C00058,6/22/2025,0
C00059,6/20/2025,1
C00060,6/6/2025,0
C00061,6/12/2025,0
C00062,5/14/2025,0
C00063,4/24/2025,0
C00064,3/27/2025,0
C00065,3/1/2025,0
C00066,4/6/2025,0
C00067,5/29/2025,0
C00068,4/15/2025,1
C00069,5/8/2025,1
C00070,6/30/2025,1
C00071,4/4/2025,0
C00072,5/30/2025,1
C00073,4/6/2025,0
C00074,6/10/2025,0
C00075,4/16/2025,0
C00076,3/18/2025,0
C00077,5/30/2025,2
C00078,6/30/2025,1
C00079,6/7/2025,0
C00080,4/9/2025,0
C00081,5/21/2025,0
C00082,6/18/2025,0
C00083,6/18/2025,0
C00084,3/26/2025,0
C00085,5/28/2025,0
C00086,5/9/2025,0
C00087,3/9/2025,1
C00088,5/15/2025,0
C00089,6/13/2025,0
C00090,5/9/2025,0
C00091,5/8/2025,0
C00092,6/21/2025,0
C00093,3/3/2025,0
C00094,4/4/2025,0
C00095,6/13/2025,0
C00096,5/23/2025,0
C00097,3/19/2025,1
C00098,6/17/2025,1
C00099,6/17/2025,0
C00100,4/4/2025,0
C00101,4/4/2025,0
C00102,4/9/2025,1
C00103,3/24/2025,0
C00104,5/29/2025,2
C00105,3/24/2025,1
C00106,5/25/2025,0
C00107,4/21/2025,1
C00108,6/10/2025,0
C00109,5/14/2025,0
C00110,3/16/2025,0
C00111,5/26/2025,0
C00112,6/28/2025,0
C00113,5/24/2025,0
C00114,4/19/2025,0
C00115,3/18/2025,0
C00116,3/2/2025,0
C00117,6/23/2025,2
C00118,6/7/2025,1
C00119,5/10/2025,0
C00120,5/21/2025,0
C00121,6/14/2025,0
C00122,3/10/2025,0
C00123,6/7/2025,0
C00124,5/26/2025,1
C00125,6/5/2025,0
C00126,3/25/2025,0
C00127,5/24/2025,0
C00128,5/21/2025,0
C00129,3/13/2025,0
C00130,4/6/2025,0
C00131,3/23/2025,0
C00132,5/10/2025,1
C00133,3/3/2025,1
C00134,3/19/2025,0
C00135,4/6/2025,0
C00136,6/12/2025,1
C00137,4/29/2025,0
C00138,6/28/2025,0
C00139,3/23/2025,1
C00140,5/13/2025,0
C00141,5/12/2025,0
C00142,3/12/2025,0
C00143,4/2/2025,0
C00144,4/10/2025,0
C00145,6/24/2025,0
C00146,4/4/2025,0
C00147,4/3/2025,0
C00148,6/22/2025,0
C00149,3/22/2025,1
C00150,4/21/2025,0
C00151,3/6/2025,1
C00152,6/12/2025,0
C00153,3/4/2025,0
C00154,4/30/2025,0
C00155,6/17/2025,1
C00156,5/28/2025,0
C00157,4/11/2025,0
C00158,6/16/2025,0
C00159,4/12/2025,1
C00160,5/8/2025,1
C00161,4/8/2025,0
C00162,4/20/2025,1
C00163,4/10/2025,0
C00164,3/13/2025,0
C00165,3/4/2025,0
C00166,6/6/2025,0
C00167,6/12/2025,0
C00168,4/26/2025,0
C00169,6/13/2025,0
C00170,6/25/2025,0
C00171,5/24/2025,0
C00172,3/26/2025,0
C00173,3/27/2025,0
C00174,4/22/2025,0
C00175,3/18/2025,0
C00176,5/20/2025,0
C00177,6/20/2025,0
C00178,4/10/2025,0
C00179,3/19/2025,0
C00180,6/6/2025,0
C00181,3/19/2025,0
C00182,4/8/2025,0
C00183,6/15/2025,0
C00184,5/19/2025,0
C00185,4/27/2025,0
C00186,4/8/2025,0
C00187,4/16/2025,0
C00188,3/29/2025,0
C00189,5/27/2025,0
C00190,3/3/2025,0
C00191,4/24/2025,0
C00192,6/24/2025,1
C00193,4/28/2025,0
C00194,4/23/2025,1
C00195,6/6/2025,1
C00196,3/28/2025,0
C00197,6/12/2025,0
C00198,3/9/2025,0
C00199,5/6/2025,0
C00200,3/16/2025,0
C00201,4/6/2025,0
C00202,3/12/2025,0
C00203,5/6/2025,0
C00204,4/8/2025,0
C00205,5/30/2025,0
C00206,5/27/2025,0
C00207,5/11/2025,1
C00208,6/26/2025,0
C00209,3/24/2025,0
C00210,4/29/2025,0
C00211,4/2/2025,0
C00212,3/12/2025,0
C00213,3/17/2025,0
C00214,3/13/2025,0
C00215,6/27/2025,0
C00216,4/3/2025,1
C00217,3/19/2025,1
C00218,6/16/2025,0
C00219,6/13/2025,0
C00220,6/10/2025,0
C00221,4/9/2025,0
C00222,3/13/2025,0
C00223,4/11/2025,0
C00224,6/8/2025,0
C00225,5/8/2025,0
C00226,6/18/2025,0
C00227,5/1/2025,0
C00228,3/29/2025,0
C00229,3/13/2025,0
C00230,6/14/2025,0
C00231,6/14/2025,0
C00232,4/18/2025,0
C00233,5/26/2025,0
C00234,5/17/2025,0
C00235,5/16/2025,0
C00236,3/18/2025,0
C00237,4/6/2025,0
C00238,6/17/2025,1
C00239,6/5/2025,0
C00240,3/13/2025,0
C00241,5/1/2025,0
C00242,5/26/2025,0
C00243,3/26/2025,0
C00244,4/19/2025,0
C00245,3/1/2025,0
C00246,3/16/2025,0
C00247,6/14/2025,1
C00248,4/17/2025,0
C00249,6/25/2025,0
C00250,3/17/2025,0
C00251,6/8/2025,0
C00252,3/28/2025,1
C00253,5/8/2025,0
C00254,6/16/2025,1
C00255,3/15/2025,1
C00256,3/14/2025,0
C00257,5/6/2025,1
C00258,4/25/2025,1
C00259,5/16/2025,0
C00260,6/25/2025,0
C00261,4/22/2025,0
C00262,5/17/2025,0
C00263,5/7/2025,0
C00264,5/21/2025,0
C00265,3/14/2025,0
C00266,3/31/2025,0
C00267,4/24/2025,0
C00268,4/4/2025,0
C00269,3/5/2025,1
C00270,5/27/2025,0
C00271,5/4/2025,0
C00272,5/21/2025,1
C00273,4/10/2025,0
C00274,4/26/2025,0
C00275,4/7/2025,2
C00276,3/7/2025,0
C00277,6/6/2025,0
C00278,6/24/2025,2
C00279,3/19/2025,0
C00280,4/18/2025,0
C00281,6/16/2025,0
C00282,3/24/2025,0
C00283,6/2/2025,0
C00284,5/17/2025,0
C00285,4/19/2025,1
C00286,6/4/2025,0
C00287,6/2/2025,0
C00288,5/7/2025,0
C00289,6/16/2025,0
C00290,4/2/2025,0
C00291,3/28/2025,0
C00292,4/15/2025,0
C00293,6/10/2025,0
C00294,4/3/2025,0
C00295,3/29/2025,2
C00296,6/16/2025,0
C00297,3/1/2025,0
C00298,3/11/2025,1
C00299,3/7/2025,1
C00300,5/26/2025,0
C00301,5/16/2025,0
C00302,5/7/2025,1
C00303,4/25/2025,0
C00304,3/7/2025,0
C00305,6/16/2025,0
C00306,5/17/2025,0
C00307,5/29/2025,0
C00308,4/12/2025,1
C00309,5/1/2025,0
C00310,6/4/2025,0
C00311,4/24/2025,1
C00312,6/30/2025,0
C00313,5/10/2025,0
C00314,4/1/2025,0
C00315,4/17/2025,0
C00316,5/18/2025,0
C00317,4/7/2025,0
C00318,4/21/2025,0
C00319,5/22/2025,0
C00320,5/18/2025,0
C00321,3/19/2025,0
C00322,6/7/2025,0
C00323,3/15/2025,0
C00324,4/11/2025,0
C00325,6/24/2025,1
C00326,6/2/2025,0
C00327,6/2/2025,1
C00328,6/23/2025,0
C00329,4/2/2025,0
C00330,5/12/2025,1
C00331,4/30/2025,1
C00332,4/24/2025,0
C00333,6/7/2025,0
C00334,4/5/2025,0
C00335,3/6/2025,0
C00336,3/14/2025,0
C00337,3/10/2025,0
C00338,4/6/2025,1
C00339,6/7/2025,0
C00340,5/27/2025,2
C00341,3/2/2025,0
C00342,5/25/2025,0
C00343,4/7/2025,0
C00344,3/21/2025,0
C00345,5/12/2025,1
C00346,6/8/2025,0
C00347,6/13/2025,0
C00348,5/26/2025,0
C00349,3/23/2025,0
C00350,4/28/2025,1
C00351,3/20/2025,0
C00352,4/3/2025,1
C00353,5/18/2025,0
C00354,3/27/2025,0
C00355,4/5/2025,0
C00356,4/6/2025,0
C00357,3/6/2025,0
C00358,3/26/2025,0
C00359,6/18/2025,1
C00360,3/12/2025,0
C00361,5/15/2025,0
C00362,5/12/2025,0
C00363,3/2/2025,0
C00364,4/6/2025,0
C00365,5/17/2025,0
C00366,5/29/2025,0
C00367,6/9/2025,0
C00368,5/21/2025,0
C00369,5/3/2025,0
C00370,6/24/2025,0
C00371,5/7/2025,0
C00372,3/12/2025,0
C00373,5/30/2025,1
C00374,6/7/2025,0
C00375,4/20/2025,0
C00376,3/22/2025,0
C00377,6/1/2025,0
C00378,5/19/2025,0
C00379,6/2/2025,1
C00380,5/17/2025,0
C00381,3/22/2025,0
C00382,6/5/2025,0
C00383,4/26/2025,0
C00384,4/18/2025,1
C00385,3/17/2025,0
C00386,5/16/2025,0
C00387,3/6/2025,0
C00388,5/4/2025,0
C00389,4/14/2025,0
C00390,6/25/2025,1
C00391,4/1/2025,0
C00392,5/14/2025,0
C00393,3/19/2025,0
C00394,5/25/2025,0
C00395,4/27/2025,0
C00396,4/16/2025,0
C00397,4/21/2025,0
C00398,6/17/2025,0
C00399,4/26/2025,1
C00400,6/23/2025,0
C00401,6/30/2025,0
C00402,3/9/2025,0
C00403,5/6/2025,0
C00404,4/7/2025,0
C00405,5/5/2025,0
C00406,4/19/2025,0
C00407,4/6/2025,0
C00408,3/29/2025,0
C00409,6/10/2025,0
C00410,6/5/2025,1
C00411,6/30/2025,1
C00412,4/10/2025,1
C00413,6/20/2025,0
C00414,3/18/2025,0
C00415,5/17/2025,0
C00416,5/16/2025,0
C00417,3/30/2025,0
C00418,5/4/2025,1
C00419,3/25/2025,0
C00420,5/8/2025,0
C00421,6/4/2025,0
C00422,3/21/2025,0
C00423,3/12/2025,0
C00424,6/22/2025,0
C00425,5/11/2025,0
C00426,6/25/2025,0
C00427,3/9/2025,0
C00428,5/5/2025,1
C00429,4/2/2025,0
C00430,3/28/2025,0
C00431,3/28/2025,0
C00432,3/25/2025,1
C00433,5/30/2025,0
C00434,4/25/2025,0
C00435,6/21/2025,0
C00436,6/15/2025,0
C00437,4/5/2025,0
C00438,6/30/2025,0
C00439,5/18/2025,1
C00440,5/16/2025,1
C00441,4/15/2025,0
C00442,3/6/2025,0
C00443,4/2/2025,0
C00444,3/21/2025,0
C00445,6/11/2025,0
C00446,5/25/2025,0
C00447,6/19/2025,0
C00448,4/21/2025,0
C00449,6/12/2025,1
C00450,5/15/2025,0
C00451,4/16/2025,0
C00452,4/9/2025,0
C00453,4/22/2025,0
C00454,4/14/2025,0
C00455,5/27/2025,2
C00456,6/20/2025,0
C00457,6/11/2025,0
C00458,4/1/2025,1
C00459,4/22/2025,0
C00460,6/25/2025,0
C00461,3/29/2025,0
C00462,5/31/2025,1
C00463,5/28/2025,0
C00464,3/25/2025,1
C00465,5/6/2025,0
C00466,6/19/2025,0
C00467,4/20/2025,0
C00468,6/24/2025,0
C00469,4/12/2025,0
C00470,6/1/2025,0
C00471,3/25/2025,0
C00472,5/15/2025,0
C00473,5/27/2025,0
C00474,5/21/2025,0
C00475,4/21/2025,0
C00476,4/26/2025,0
C00477,6/27/2025,1
C00478,4/18/2025,0
C00479,6/14/2025,0
C00480,5/7/2025,0
C00481,3/1/2025,0
C00482,5/18/2025,0
C00483,4/22/2025,0
C00484,3/11/2025,1
C00485,6/26/2025,2
C00486,4/22/2025,0
C00487,5/26/2025,0
C00488,3/27/2025,0
C00489,5/11/2025,0
C00490,5/27/2025,0
C00491,5/27/2025,0
C00492,5/30/2025,0
C00493,4/29/2025,0
C00494,4/9/2025,0
C00495,5/5/2025,0
C00496,4/5/2025,0
C00497,4/23/2025,0
C00498,5/24/2025,1
C00499,6/1/2025,0
C00500,4/7/2025,0
C00501,6/2/2025,0
C00502,4/12/2025,0
C00503,6/23/2025,0
C00504,6/15/2025,1
C00505,6/19/2025,0
C00506,5/26/2025,0
C00507,5/19/2025,1
C00508,6/23/2025,1
C00509,4/29/2025,1
C00510,6/15/2025,0
C00511,6/3/2025,0
C00512,3/5/2025,0
C00513,4/2/2025,0
C00514,6/20/2025,0
C00515,3/14/2025,0
C00516,4/5/2025,0
C00517,6/1/2025,0
C00518,4/23/2025,0
C00519,4/4/2025,0
C00520,3/15/2025,0
C00521,4/19/2025,0
C00522,4/7/2025,0
C00523,5/16/2025,0
C00524,3/6/2025,0
C00525,5/28/2025,0
C00526,4/3/2025,0
C00527,6/1/2025,0
C00528,3/19/2025,1
C00529,5/21/2025,0
C00530,5/26/2025,1
C00531,5/5/2025,0
C00532,6/9/2025,0
C00533,4/3/2025,1
C00534,4/26/2025,0
C00535,3/17/2025,1
C00536,3/23/2025,0
C00537,3/11/2025,1
C00538,5/3/2025,0
C00539,3/8/2025,0
C00540,6/2/2025,0
C00541,4/29/2025,0
C00542,6/14/2025,1
C00543,5/17/2025,0
C00544,3/15/2025,0
C00545,6/9/2025,0
C00546,3/6/2025,2
C00547,3/23/2025,0
C00548,6/3/2025,0
C00549,4/16/2025,0
C00550,4/8/2025,0
C00551,6/7/2025,1
C00552,5/11/2025,1
C00553,3/19/2025,1
C00554,4/22/2025,0
C00555,5/31/2025,0
C00556,5/6/2025,0
C00557,4/11/2025,0
C00558,5/23/2025,0
C00559,6/8/2025,0
C00560,4/14/2025,0
C00561,3/20/2025,0
C00562,6/20/2025,0
C00563,4/27/2025,0
C00564,6/2/2025,0
C00565,3/4/2025,0
C00566,3/10/2025,0
C00567,5/30/2025,1
C00568,3/17/2025,0
C00569,3/24/2025,0
C00570,5/27/2025,0
C00571,3/22/2025,0
C00572,6/25/2025,0
C00573,5/18/2025,0
C00574,5/12/2025,0
C00575,6/23/2025,1
C00576,6/8/2025,1
C00577,4/14/2025,0
C00578,6/21/2025,0
C00579,3/16/2025,0
C00580,3/10/2025,0
C00581,5/4/2025,0
C00582,6/18/2025,0
C00583,3/8/2025,0
C00584,6/26/2025,0
C00585,5/10/2025,0
C00586,6/19/2025,0
C00587,5/15/2025,2
C00588,5/8/2025,0
C00589,6/3/2025,0
C00590,6/1/2025,0
C00591,6/7/2025,1
C00592,3/27/2025,0
C00593,6/11/2025,0
C00594,4/14/2025,1
C00595,4/10/2025,0
C00596,5/29/2025,0
C00597,3/16/2025,0
C00598,6/19/2025,0
C00599,6/16/2025,0
C00600,3/24/2025,0
C00601,6/3/2025,0
C00602,4/13/2025,0
C00603,3/19/2025,0
C00604,3/5/2025,0
C00605,5/12/2025,0
C00606,3/27/2025,0
C00607,4/6/2025,0
C00608,6/22/2025,0
C00609,6/13/2025,0
C00610,6/21/2025,0
C00611,4/7/2025,0
C00612,3/6/2025,0
C00613,4/1/2025,1
C00614,4/18/2025,0
C00615,4/30/2025,0
C00616,4/19/2025,0
C00617,6/22/2025,0
C00618,5/25/2025,0
C00619,6/6/2025,0
C00620,6/23/2025,1
C00621,5/1/2025,0
C00622,6/5/2025,0
C00623,4/15/2025,0
C00624,6/2/2025,0
C00625,3/24/2025,0
C00626,5/3/2025,0
C00627,5/16/2025,0
C00628,4/28/2025,1
C00629,4/18/2025,0
C00630,6/16/2025,0
C00631,3/28/2025,1
C00632,4/15/2025,1
C00633,5/1/2025,0
C00634,4/7/2025,1
C00635,3/25/2025,1
C00636,3/4/2025,0
C00637,4/27/2025,0
C00638,3/19/2025,0
C00639,6/30/2025,0
C00640,3/8/2025,0
C00641,3/27/2025,0
C00642,6/9/2025,0
C00643,3/13/2025,0
C00644,3/16/2025,0
C00645,5/3/2025,1
C00646,5/9/2025,0
C00647,4/10/2025,0
C00648,4/3/2025,0
C00649,4/2/2025,0
C00650,5/10/2025,0
C00651,6/24/2025,0
C00652,5/15/2025,0
C00653,5/22/2025,0
C00654,6/22/2025,1
C00655,4/1/2025,0
C00656,6/14/2025,0
C00657,5/27/2025,0
C00658,3/27/2025,0
C00659,3/4/2025,0
C00660,6/21/2025,0
C00661,3/18/2025,0
C00662,3/27/2025,0
C00663,5/19/2025,0
C00664,3/21/2025,0
C00665,3/11/2025,0
C00666,3/20/2025,0
C00667,5/22/2025,0
C00668,6/8/2025,0
C00669,4/10/2025,0
C00670,5/5/2025,0
C00671,3/3/2025,0
C00672,6/17/2025,0
C00673,5/1/2025,0
C00674,6/15/2025,0
C00675,5/22/2025,0
C00676,3/25/2025,0
C00677,3/14/2025,0
C00678,5/18/2025,0
C00679,6/6/2025,0
C00680,4/25/2025,0
C00681,3/10/2025,0
C00682,4/23/2025,0
C00683,6/21/2025,0
C00684,5/23/2025,0
C00685,3/5/2025,0
C00686,5/16/2025,0
C00687,3/16/2025,0
C00688,5/6/2025,0
C00689,5/12/2025,0
C00690,3/19/2025,0
C00691,3/4/2025,0
C00692,4/18/2025,0
C00693,6/1/2025,0
C00694,6/22/2025,1
C00695,6/5/2025,0
C00696,5/3/2025,1
C00697,4/8/2025,0
C00698,6/20/2025,0
C00699,6/3/2025,0
C00700,3/2/2025,1
C00701,6/16/2025,1
C00702,3/29/2025,0
C00703,4/4/2025,1
C00704,5/14/2025,0
C00705,3/4/2025,0
C00706,3/15/2025,1
C00707,3/14/2025,0
C00708,4/23/2025,0
C00709,5/18/2025,0
C00710,5/20/2025,0
C00711,3/30/2025,0
C00712,5/25/2025,0
C00713,4/12/2025,0
C00714,6/27/2025,0
C00715,3/1/2025,0
C00716,4/16/2025,0
C00717,4/8/2025,0
C00718,6/21/2025,0
C00719,3/29/2025,0
C00720,6/25/2025,0
C00721,5/6/2025,0
C00722,4/6/2025,0
C00723,5/26/2025,0
C00724,6/17/2025,0
C00725,6/11/2025,1
C00726,5/16/2025,1
C00727,6/22/2025,0
C00728,3/30/2025,0
C00729,6/18/2025,1
C00730,5/1/2025,1
C00731,6/26/2025,0
C00732,6/9/2025,0
C00733,3/21/2025,0
C00734,5/10/2025,0
C00735,3/23/2025,0
C00736,6/20/2025,1
C00737,3/27/2025,1
C00738,3/26/2025,0
C00739,3/20/2025,1
C00740,5/7/2025,1
C00741,5/20/2025,0
C00742,6/21/2025,0
C00743,5/24/2025,0
C00744,3/22/2025,0
C00745,4/11/2025,0
C00746,6/17/2025,0
C00747,5/21/2025,0
C00748,6/1/2025,0
C00749,4/5/2025,0
C00750,6/2/2025,0
C00751,6/1/2025,0
C00752,4/26/2025,1
C00753,4/28/2025,0
C00754,4/10/2025,0
C00755,6/3/2025,0
C00756,3/5/2025,0
C00757,4/17/2025,0
C00758,5/30/2025,1
C00759,5/25/2025,0
C00760,6/14/2025,0
C00761,4/16/2025,1
C00762,5/20/2025,0
C00763,4/16/2025,0
C00764,3/20/2025,1
C00765,4/30/2025,0
C00766,5/9/2025,0
C00767,3/18/2025,0
C00768,6/20/2025,1
C00769,5/16/2025,1
C00770,6/18/2025,0
C00771,4/5/2025,0
C00772,4/22/2025,0
C00773,4/19/2025,0
C00774,6/18/2025,1
C00775,6/3/2025,1
C00776,6/10/2025,0
C00777,3/27/2025,0
C00778,3/26/2025,0
C00779,3/25/2025,1
C00780,4/25/2025,0
C00781,5/8/2025,1
C00782,4/2/2025,1
C00783,5/18/2025,0
C00784,6/5/2025,0
C00785,6/28/2025,0
C00786,6/18/2025,0
C00787,3/12/2025,2
C00788,5/2/2025,0
C00789,6/28/2025,0
C00790,5/24/2025,0
C00791,4/30/2025,1
C00792,3/2/2025,0
C00793,3/23/2025,1
C00794,6/25/2025,0
C00795,3/27/2025,0
C00796,3/13/2025,0
C00797,4/21/2025,0
C00798,6/12/2025,0
C00799,3/30/2025,1
C00800,5/11/2025,0
C00801,5/23/2025,0
C00802,5/21/2025,0
C00803,3/5/2025,1
C00804,3/17/2025,0
C00805,5/26/2025,0
C00806,6/11/2025,0
C00807,4/20/2025,0
C00808,3/17/2025,0
C00809,3/24/2025,0
C00810,3/18/2025,0
C00811,5/28/2025,0
C00812,3/11/2025,0
C00813,4/18/2025,1
C00814,3/25/2025,0
C00815,5/25/2025,0
C00816,3/13/2025,0
C00817,5/10/2025,0
C00818,6/10/2025,0
C00819,3/4/2025,0
C00820,3/19/2025,0
C00821,4/1/2025,0
C00822,3/30/2025,0
C00823,4/18/2025,0
C00824,3/19/2025,0
C00825,4/20/2025,0
C00826,5/14/2025,0
C00827,6/21/2025,0
C00828,4/10/2025,0
C00829,6/7/2025,0
C00830,6/5/2025,0
C00831,4/1/2025,0
C00832,3/24/2025,1
C00833,6/20/2025,0
C00834,4/20/2025,0
C00835,4/5/2025,0
C00836,5/20/2025,0
C00837,5/25/2025,0
C00838,5/25/2025,0
C00839,3/21/2025,0
C00840,6/26/2025,1
C00841,4/5/2025,1
C00842,6/22/2025,0
C00843,5/1/2025,0
C00844,4/4/2025,0
C00845,3/27/2025,0
C00846,5/26/2025,0
C00847,3/27/2025,0
C00848,5/15/2025,2
C00849,5/24/2025,0
C00850,6/14/2025,1
C00851,3/1/2025,0
C00852,3/25/2025,0
C00853,5/13/2025,0
C00854,4/28/2025,1
C00855,4/25/2025,0
C00856,6/1/2025,1
C00857,4/5/2025,0
C00858,6/25/2025,0
C00859,4/17/2025,0
C00860,4/20/2025,0
C00861,3/25/2025,0
C00862,6/16/2025,0
C00863,6/13/2025,1
C00864,4/1/2025,0
C00865,6/23/2025,0
C00866,4/14/2025,0
C00867,3/3/2025,0
C00868,4/30/2025,0
C00869,3/13/2025,0
C00870,6/21/2025,0
C00871,3/20/2025,0
C00872,4/23/2025,0
C00873,4/6/2025,1
C00874,5/20/2025,0
C00875,6/10/2025,0
C00876,4/1/2025,1
C00877,4/19/2025,0
C00878,5/8/2025,1
C00879,5/13/2025,1
C00880,4/13/2025,0
C00881,3/4/2025,1
C00882,3/11/2025,0
C00883,3/12/2025,0
C00884,4/13/2025,0
C00885,5/7/2025,0
C00886,3/8/2025,0
C00887,4/18/2025,1
C00888,6/22/2025,0
C00889,3/25/2025,0
C00890,3/28/2025,0
C00891,3/31/2025,1
C00892,3/23/2025,0
C00893,4/14/2025,0
C00894,4/17/2025,0
C00895,5/25/2025,1
C00896,3/3/2025,0
C00897,5/15/2025,0
C00898,4/19/2025,0
C00899,4/4/2025,0
C00900,6/21/2025,0
C00901,5/2/2025,1
C00902,6/2/2025,0
C00903,3/23/2025,1
C00904,3/7/2025,0
C00905,5/29/2025,0
C00906,6/14/2025,0
C00907,5/9/2025,1
C00908,5/28/2025,0
C00909,4/26/2025,1
C00910,5/9/2025,0
C00911,5/26/2025,0
C00912,4/22/2025,0
C00913,5/27/2025,0
C00914,6/2/2025,0
C00915,5/18/2025,0
C00916,4/6/2025,0
C00917,6/9/2025,0
C00918,4/8/2025,1
C00919,4/12/2025,0
C00920,5/21/2025,0
C00921,3/24/2025,0
C00922,3/9/2025,0
C00923,4/5/2025,0
C00924,6/29/2025,0
C00925,3/1/2025,0
C00926,6/13/2025,2
C00927,3/16/2025,0
C00928,4/2/2025,0
C00929,5/3/2025,0
C00930,6/22/2025,0
C00931,3/12/2025,0
C00932,4/3/2025,1
C00933,3/8/2025,0
C00934,4/30/2025,0
C00935,5/23/2025,0
C00936,5/17/2025,0
C00937,4/19/2025,0
C00938,4/1/2025,0
C00939,6/8/2025,0
C00940,5/22/2025,0
C00941,5/9/2025,0
C00942,4/5/2025,0
C00943,4/25/2025,1
C00944,4/10/2025,0
C00945,3/14/2025,1
C00946,4/18/2025,0
C00947,5/29/2025,0
C00948,3/23/2025,2
C00949,5/1/2025,1
C00950,6/8/2025,0
C00951,5/30/2025,1
C00952,4/29/2025,1
C00953,4/6/2025,0
C00954,6/14/2025,0
C00955,4/25/2025,0
C00956,6/15/2025,0
C00957,4/28/2025,0
C00958,6/14/2025,0
C00959,5/5/2025,0
C00960,5/12/2025,0
C00961,3/15/2025,0
C00962,4/19/2025,1
C00963,4/15/2025,0
C00964,3/15/2025,0
C00965,3/6/2025,0
C00966,5/12/2025,0
C00967,6/26/2025,0
C00968,3/12/2025,0
C00969,5/29/2025,0
C00970,4/2/2025,0
C00971,6/7/2025,0
C00972,6/9/2025,1
C00973,3/19/2025,0
C00974,5/1/2025,0
C00975,3/15/2025,1
C00976,4/16/2025,0
C00977,5/14/2025,0
C00978,5/10/2025,1
C00979,4/8/2025,0
C00980,5/31/2025,0
C00981,3/8/2025,0
C00982,5/2/2025,0
C00983,5/21/2025,1
C00984,3/15/2025,0
C00985,6/16/2025,0
C00986,3/10/2025,0
C00987,6/9/2025,0
C00988,3/31/2025,0
C00989,4/9/2025,0
C00990,3/11/2025,0
C00991,5/17/2025,0
C00992,3/1/2025,0
C00993,4/23/2025,1
C00994,5/10/2025,0
C00995,4/2/2025,0
C00996,3/13/2025,0
C00997,5/22/2025,0
C00998,3/9/2025,0
C00999,6/15/2025,0
C01000,4/19/2025,0
C01001,6/13/2025,0
C01002,5/12/2025,1
C01003,6/18/2025,0
C01004,5/30/2025,0
C01005,3/23/2025,1
C01006,3/8/2025,0
C01007,3/25/2025,0
C01008,5/25/2025,0
C01009,6/8/2025,0
C01010,3/5/2025,0
C01011,5/17/2025,1
C01012,6/27/2025,0
C01013,6/16/2025,0
C01014,4/10/2025,1
C01015,5/4/2025,0
C01016,3/28/2025,0
C01017,4/23/2025,1
C01018,4/28/2025,0
C01019,4/22/2025,0
C01020,3/19/2025,0
C01021,4/19/2025,0
C01022,4/15/2025,0
C01023,3/27/2025,0
C01024,5/25/2025,0
C01025,5/1/2025,0
C01026,5/17/2025,0
C01027,3/12/2025,0
C01028,6/20/2025,0
C01029,4/29/2025,1
C01030,3/4/2025,0
C01031,3/28/2025,0
C01032,4/6/2025,0
C01033,5/24/2025,0
C01034,5/9/2025,1
C01035,5/1/2025,0
C01036,6/24/2025,0
C01037,3/11/2025,0
C01038,4/27/2025,1
C01039,3/5/2025,0
C01040,3/23/2025,0
C01041,3/3/2025,1
C01042,6/22/2025,0
C01043,5/19/2025,0
C01044,4/20/2025,0
C01045,6/9/2025,0
C01046,3/5/2025,1
C01047,6/26/2025,0
C01048,5/7/2025,0
C01049,6/26/2025,0
C01050,5/3/2025,0
C01051,3/14/2025,0
C01052,5/24/2025,0
C01053,6/25/2025,0
C01054,6/12/2025,0
C01055,6/5/2025,0
C01056,6/27/2025,0
C01057,3/29/2025,0
C01058,5/31/2025,0
C01059,3/20/2025,0
C01060,3/8/2025,0
C01061,6/20/2025,0
C01062,6/30/2025,1
C01063,3/4/2025,0
C01064,5/16/2025,0
C01065,6/13/2025,0
C01066,6/9/2025,0
C01067,3/23/2025,0
C01068,5/17/2025,0
C01069,4/3/2025,1
C01070,6/15/2025,0
C01071,6/13/2025,0
C01072,4/19/2025,0
C01073,4/14/2025,0
C01074,4/6/2025,0
C01075,3/28/2025,0
C01076,5/20/2025,0
C01077,5/15/2025,0
C01078,5/22/2025,0
C01079,4/9/2025,0
C01080,3/18/2025,0
C01081,3/18/2025,0
C01082,3/6/2025,0
C01083,4/25/2025,0
C01084,6/7/2025,0
C01085,5/2/2025,2
C01086,5/6/2025,0
C01087,4/5/2025,0
C01088,5/22/2025,0
C01089,6/15/2025,0
C01090,4/10/2025,0
C01091,6/13/2025,0
C01092,3/18/2025,1
C01093,5/12/2025,0
C01094,4/11/2025,0
C01095,3/21/2025,0
C01096,3/8/2025,0
C01097,6/6/2025,0
C01098,3/17/2025,0
C01099,6/6/2025,0
C01100,5/8/2025,1
C01101,4/8/2025,0
C01102,4/15/2025,0
C01103,5/2/2025,0
C01104,3/3/2025,0
C01105,6/11/2025,0
C01106,4/30/2025,2
C01107,4/2/2025,0
C01108,4/30/2025,0
C01109,6/19/2025,0
C01110,6/28/2025,0
C01111,5/21/2025,0
C01112,4/22/2025,1
C01113,4/26/2025,0
C01114,5/27/2025,0
C01115,6/24/2025,0
C01116,6/17/2025,0
C01117,3/7/2025,0
C01118,5/28/2025,0
C01119,4/2/2025,0
C01120,4/20/2025,0
C01121,5/1/2025,1
C01122,4/12/2025,0
C01123,4/16/2025,1
C01124,5/29/2025,0
C01125,5/29/2025,0
C01126,3/7/2025,0
C01127,5/23/2025,0
C01128,3/13/2025,0
C01129,6/14/2025,0
C01130,6/24/2025,0
C01131,6/30/2025,0
C01132,3/3/2025,1
C01133,6/30/2025,0
C01134,3/8/2025,0
C01135,4/19/2025,0
C01136,5/31/2025,0
C01137,3/3/2025,0
C01138,6/16/2025,0
C01139,6/17/2025,0
C01140,4/8/2025,0
C01141,4/9/2025,0
C01142,6/2/2025,1
C01143,6/12/2025,0
C01144,3/18/2025,0
C01145,4/5/2025,1
C01146,4/11/2025,0
C01147,4/25/2025,0
C01148,5/30/2025,0
C01149,6/20/2025,0
C01150,6/25/2025,0
C01151,3/18/2025,0
C01152,6/8/2025,1
C01153,6/18/2025,0
C01154,3/4/2025,1
C01155,5/31/2025,0
C01156,5/25/2025,0
C01157,3/31/2025,0
C01158,6/30/2025,0
C01159,3/9/2025,0
C01160,5/22/2025,0
C01161,4/5/2025,0
C01162,4/29/2025,0
C01163,4/7/2025,0
C01164,4/10/2025,2
C01165,4/12/2025,0
C01166,5/27/2025,0
C01167,3/15/2025,0
C01168,3/9/2025,0
C01169,4/28/2025,0
C01170,3/19/2025,1
C01171,5/2/2025,0
C01172,4/12/2025,1
C01173,6/24/2025,1
C01174,3/8/2025,0
C01175,4/16/2025,1
C01176,3/25/2025,0
C01177,4/9/2025,0
C01178,5/16/2025,2
C01179,4/26/2025,0
C01180,3/6/2025,0
C01181,5/12/2025,0
C01182,4/18/2025,0
C01183,6/16/2025,0
C01184,3/23/2025,0
C01185,3/8/2025,2
C01186,6/24/2025,0
C01187,5/28/2025,1
C01188,5/19/2025,0
C01189,6/25/2025,0
C01190,4/6/2025,0
C01191,3/4/2025,1
C01192,6/19/2025,0
C01193,4/28/2025,0
C01194,4/22/2025,1
C01195,5/7/2025,0
C01196,5/9/2025,0
C01197,3/12/2025,0
C01198,5/13/2025,0
C01199,4/10/2025,0
C01200,6/1/2025,2
C01201,6/6/2025,1
C01202,3/15/2025,0
C01203,5/18/2025,1
C01204,5/1/2025,1
C01205,3/18/2025,0
C01206,3/19/2025,0
C01207,5/11/2025,1
C01208,4/13/2025,0
C01209,5/9/2025,0
C01210,4/3/2025,0
C01211,3/18/2025,0
C01212,4/24/2025,1
C01213,5/3/2025,0
C01214,4/24/2025,0
C01215,4/10/2025,0
C01216,6/18/2025,0
C01217,6/5/2025,0
C01218,3/13/2025,0
C01219,5/17/2025,0
C01220,6/5/2025,1
C01221,5/18/2025,0
C01222,3/18/2025,0
C01223,5/19/2025,0
C01224,3/27/2025,0
C01225,4/24/2025,1
C01226,5/17/2025,0
C01227,5/8/2025,1
C01228,3/14/2025,0
C01229,5/13/2025,0
C01230,4/1/2025,0
C01231,3/20/2025,0
C01232,6/1/2025,0
C01233,5/6/2025,0
C01234,4/28/2025,0
C01235,3/31/2025,0
C01236,5/25/2025,0
C01237,3/10/2025,0
C01238,6/28/2025,1
C01239,4/3/2025,0
C01240,5/28/2025,0
C01241,4/8/2025,1
C01242,6/5/2025,0
C01243,4/25/2025,0
C01244,6/14/2025,0
C01245,3/13/2025,0
C01246,6/16/2025,0
C01247,3/11/2025,0
C01248,3/20/2025,0
C01249,4/22/2025,0
C01250,3/10/2025,0
C01251,6/17/2025,0
C01252,3/22/2025,0
C01253,5/7/2025,0
C01254,4/20/2025,0
C01255,4/5/2025,1
C01256,6/29/2025,0
C01257,5/30/2025,0
C01258,4/28/2025,0
C01259,4/23/2025,0
C01260,4/4/2025,0
C01261,3/20/2025,0
C01262,6/14/2025,1
C01263,4/9/2025,0
C01264,5/16/2025,0
C01265,3/1/2025,1
C01266,3/13/2025,0
C01267,6/28/2025,0
C01268,5/4/2025,0
C01269,3/28/2025,0
C01270,5/3/2025,0
C01271,6/4/2025,0
C01272,3/13/2025,0
C01273,6/8/2025,0
C01274,3/23/2025,0
C01275,3/14/2025,0
C01276,6/25/2025,0
C01277,5/18/2025,0
C01278,4/15/2025,0
C01279,3/22/2025,0
C01280,4/30/2025,0
C01281,4/14/2025,0
C01282,5/15/2025,0
C01283,5/24/2025,1
C01284,3/16/2025,1
C01285,3/26/2025,0
C01286,4/19/2025,1
C01287,3/4/2025,0
C01288,5/7/2025,1
C01289,5/13/2025,0
C01290,3/28/2025,0
C01291,4/14/2025,0
C01292,4/16/2025,0
C01293,5/23/2025,0
C01294,3/23/2025,0
C01295,5/8/2025,0
C01296,3/9/2025,0
C01297,6/17/2025,0
C01298,6/3/2025,0
C01299,4/15/2025,0
C01300,5/15/2025,0
C01301,6/8/2025,0
C01302,4/3/2025,0
C01303,5/25/2025,1
C01304,3/22/2025,0
C01305,5/16/2025,0
C01306,3/16/2025,0
C01307,6/8/2025,0
C01308,5/8/2025,0
C01309,4/6/2025,0
C01310,3/26/2025,0
C01311,4/4/2025,0
C01312,3/29/2025,0
C01313,6/25/2025,0
C01314,4/23/2025,2
C01315,4/28/2025,1
C01316,5/4/2025,0
C01317,6/15/2025,0
C01318,4/17/2025,0
C01319,5/22/2025,0
C01320,4/21/2025,0
C01321,4/16/2025,1
C01322,6/2/2025,0
C01323,5/31/2025,0
C01324,5/28/2025,0
C01325,5/25/2025,0
C01326,5/2/2025,0
C01327,3/20/2025,0
C01328,6/19/2025,0
C01329,6/27/2025,1
C01330,4/30/2025,0
C01331,4/25/2025,1
C01332,6/15/2025,1
C01333,6/16/2025,0
C01334,5/31/2025,1
C01335,6/14/2025,0
C01336,6/12/2025,0
C01337,4/28/2025,0
C01338,4/23/2025,0
C01339,5/4/2025,0
C01340,4/18/2025,0
C01341,5/13/2025,0
C01342,5/16/2025,0
C01343,5/1/2025,0
C01344,5/18/2025,0
C01345,4/30/2025,0
C01346,6/19/2025,0
C01347,6/28/2025,0
C01348,5/23/2025,0
C01349,6/10/2025,0
C01350,6/30/2025,0
C01351,4/24/2025,1
C01352,6/6/2025,0
C01353,3/19/2025,0
C01354,3/24/2025,0
C01355,6/19/2025,0
C01356,5/30/2025,1
C01357,6/9/2025,0
C01358,6/28/2025,0
C01359,6/29/2025,0
C01360,6/15/2025,0
C01361,6/16/2025,0
C01362,5/29/2025,0
C01363,5/22/2025,0
C01364,5/4/2025,0
C01365,4/17/2025,1
C01366,5/29/2025,1
C01367,5/16/2025,0
C01368,3/14/2025,1
C01369,4/10/2025,0
C01370,4/16/2025,0
C01371,6/12/2025,0
C01372,3/21/2025,0
C01373,5/6/2025,1
C01374,3/16/2025,1
C01375,4/10/2025,0
C01376,6/9/2025,0
C01377,6/27/2025,0
C01378,3/10/2025,1
C01379,3/25/2025,0
C01380,4/10/2025,0
C01381,5/11/2025,0
C01382,6/5/2025,0
C01383,3/5/2025,0
C01384,4/11/2025,0
C01385,5/7/2025,0
C01386,5/24/2025,1
C01387,4/21/2025,0
C01388,5/21/2025,0
C01389,5/4/2025,0
C01390,3/6/2025,0
C01391,4/24/2025,0
C01392,5/22/2025,0
C01393,5/15/2025,0
C01394,5/7/2025,0
C01395,5/16/2025,0
C01396,5/20/2025,0
C01397,6/11/2025,0
C01398,3/7/2025,0
C01399,5/3/2025,0
C01400,5/7/2025,0
C01401,6/28/2025,0
C01402,5/16/2025,0
C01403,6/18/2025,0
C01404,3/22/2025,1
C01405,6/12/2025,1
C01406,5/6/2025,0
C01407,4/12/2025,1
C01408,3/23/2025,0
C01409,4/13/2025,0
C01410,5/20/2025,1
C01411,6/14/2025,0
C01412,5/5/2025,0
C01413,3/2/2025,0
C01414,6/25/2025,0
C01415,3/7/2025,1
C01416,6/4/2025,0
C01417,4/21/2025,0
C01418,3/10/2025,0
C01419,5/15/2025,0
C01420,4/18/2025,0
C01421,6/24/2025,1
C01422,5/18/2025,0
C01423,4/4/2025,0
C01424,3/29/2025,0
C01425,5/6/2025,0
C01426,5/21/2025,0
C01427,6/23/2025,1
C01428,5/27/2025,1
C01429,5/31/2025,1
C01430,3/3/2025,1
C01431,5/12/2025,0
C01432,4/16/2025,1
C01433,5/22/2025,0
C01434,3/23/2025,0
C01435,5/27/2025,0
C01436,6/6/2025,0
C01437,4/19/2025,0
C01438,6/6/2025,0
C01439,6/27/2025,0
C01440,3/5/2025,1
C01441,4/18/2025,0
C01442,3/4/2025,0
C01443,5/17/2025,1
C01444,4/13/2025,0
C01445,3/27/2025,0
C01446,6/27/2025,0
C01447,3/7/2025,0
C01448,3/23/2025,0
C01449,5/8/2025,0
C01450,4/1/2025,1
C01451,3/4/2025,0
C01452,6/27/2025,0
C01453,5/5/2025,0
C01454,6/8/2025,0
C01455,4/14/2025,0
C01456,5/5/2025,0
C01457,4/9/2025,1
C01458,3/7/2025,1
C01459,5/21/2025,0
C01460,5/9/2025,0
C01461,4/22/2025,0
C01462,3/15/2025,1
C01463,3/11/2025,0
C01464,6/14/2025,0
C01465,4/19/2025,0
C01466,6/27/2025,0
C01467,4/11/2025,0
C01468,6/20/2025,0
C01469,5/17/2025,1
C01470,6/1/2025,1
C01471,6/14/2025,0
C01472,4/28/2025,0
C01473,3/23/2025,0
C01474,3/3/2025,0
C01475,4/13/2025,0
C01476,3/9/2025,0
C01477,5/23/2025,0
C01478,3/13/2025,0
C01479,3/4/2025,0
C01480,6/4/2025,0
C01481,5/5/2025,0
C01482,3/13/2025,0
C01483,5/2/2025,1
C01484,3/31/2025,0
C01485,4/28/2025,0
C01486,6/13/2025,0
C01487,6/6/2025,0
C01488,5/14/2025,0
C01489,3/21/2025,0
C01490,4/11/2025,0
C01491,3/8/2025,1
C01492,5/26/2025,0
C01493,6/21/2025,0
C01494,5/30/2025,0
C01495,5/24/2025,0
C01496,6/21/2025,0
C01497,4/27/2025,0
C01498,4/10/2025,0
C01499,6/1/2025,0
C01500,3/30/2025,1
C01501,6/21/2025,0
C01502,4/7/2025,0
C01503,5/1/2025,1
C01504,4/24/2025,0
C01505,6/13/2025,0
C01506,3/1/2025,0
C01507,6/26/2025,0
C01508,3/6/2025,0
C01509,3/9/2025,0
C01510,4/26/2025,0
C01511,5/27/2025,0
C01512,3/23/2025,0
C01513,5/30/2025,0
C01514,5/20/2025,0
C01515,5/15/2025,0
C01516,5/3/2025,0
C01517,6/4/2025,0
C01518,6/30/2025,0
C01519,4/27/2025,0
C01520,4/10/2025,0
C01521,6/28/2025,2
C01522,5/15/2025,1
C01523,3/27/2025,0
C01524,3/20/2025,1
C01525,3/13/2025,1
C01526,5/21/2025,0
C01527,3/22/2025,0
C01528,5/5/2025,0
C01529,3/19/2025,0
C01530,3/25/2025,0
C01531,5/29/2025,0
C01532,5/19/2025,0
C01533,6/5/2025,0
C01534,3/21/2025,0
C01535,3/28/2025,0
C01536,3/14/2025,2
C01537,6/18/2025,0
C01538,6/26/2025,0
C01539,6/15/2025,0
C01540,5/13/2025,0
C01541,3/17/2025,0
C01542,3/19/2025,0
C01543,3/30/2025,0
C01544,4/8/2025,1
C01545,3/17/2025,1
C01546,5/24/2025,0
C01547,6/17/2025,0
C01548,6/13/2025,0
C01549,3/16/2025,0
C01550,4/23/2025,0
C01551,4/9/2025,0
C01552,5/28/2025,0
C01553,6/29/2025,0
C01554,6/22/2025,0
C01555,6/6/2025,0
C01556,5/10/2025,0
C01557,6/30/2025,1
C01558,5/14/2025,0
C01559,6/22/2025,0
C01560,3/10/2025,0
C01561,5/21/2025,0
C01562,4/9/2025,0
C01563,6/15/2025,0
C01564,3/14/2025,0
C01565,5/31/2025,0
C01566,3/12/2025,0
C01567,4/10/2025,0
C01568,3/24/2025,1
C01569,5/15/2025,1
C01570,4/30/2025,0
C01571,5/2/2025,1
C01572,3/15/2025,0
C01573,3/25/2025,0
C01574,6/18/2025,0
C01575,3/31/2025,2
C01576,6/22/2025,0
C01577,3/7/2025,0
C01578,4/10/2025,0
C01579,6/10/2025,0
C01580,5/15/2025,0
C01581,6/14/2025,1
C01582,6/23/2025,0
C01583,4/25/2025,0
C01584,6/1/2025,0
C01585,5/1/2025,1
C01586,4/6/2025,0
C01587,3/6/2025,1
C01588,4/24/2025,0
C01589,3/22/2025,1
C01590,3/9/2025,1
C01591,4/15/2025,1
C01592,5/7/2025,0
C01593,6/29/2025,0
C01594,4/15/2025,0
C01595,5/24/2025,0
C01596,4/24/2025,0
C01597,6/21/2025,1
C01598,6/2/2025,1
C01599,3/2/2025,0
C01600,3/9/2025,0
C01601,6/9/2025,0
C01602,4/18/2025,0
C01603,6/30/2025,0
C01604,3/2/2025,0
C01605,5/22/2025,0
C01606,5/30/2025,2
C01607,6/3/2025,0
C01608,5/2/2025,0
C01609,3/20/2025,0
C01610,6/15/2025,0
C01611,3/12/2025,0
C01612,6/3/2025,0
C01613,4/9/2025,1
C01614,4/8/2025,0
C01615,6/29/2025,0
C01616,3/13/2025,0
C01617,4/23/2025,0
C01618,4/1/2025,0
C01619,3/6/2025,0
C01620,4/21/2025,0
C01621,5/23/2025,0
C01622,6/20/2025,0
C01623,6/16/2025,0
C01624,5/4/2025,1
C01625,3/2/2025,0
C01626,4/5/2025,0
C01627,3/24/2025,0
C01628,5/20/2025,0
C01629,5/18/2025,0
C01630,6/9/2025,0
C01631,6/2/2025,1
C01632,4/20/2025,0
C01633,4/6/2025,0
C01634,5/25/2025,0
C01635,3/1/2025,0
C01636,3/27/2025,0
C01637,3/26/2025,1
C01638,4/13/2025,0
C01639,3/20/2025,0
C01640,4/11/2025,1
C01641,4/25/2025,0
C01642,3/17/2025,0
C01643,6/22/2025,0
C01644,3/14/2025,0
C01645,5/6/2025,0
C01646,4/18/2025,0
C01647,4/18/2025,1
C01648,3/7/2025,0
C01649,3/29/2025,0
C01650,4/23/2025,0
C01651,3/7/2025,0
C01652,4/14/2025,0
C01653,4/30/2025,0
C01654,4/17/2025,0
C01655,3/6/2025,0
C01656,4/1/2025,0
C01657,6/20/2025,0
C01658,5/19/2025,0
C01659,3/12/2025,0
C01660,6/6/2025,0
C01661,3/4/2025,1
C01662,6/20/2025,0
C01663,5/10/2025,0
C01664,4/15/2025,0
C01665,4/17/2025,0
C01666,5/16/2025,0
C01667,4/19/2025,0
C01668,5/23/2025,1
C01669,5/7/2025,0
C01670,3/20/2025,0
C01671,3/8/2025,0
C01672,4/21/2025,0
C01673,5/27/2025,1
C01674,6/8/2025,0
C01675,3/10/2025,0
C01676,4/17/2025,1
C01677,5/8/2025,0
C01678,4/21/2025,1
C01679,6/5/2025,0
C01680,4/14/2025,1
C01681,5/16/2025,0
C01682,3/27/2025,0
C01683,4/25/2025,0
C01684,5/6/2025,0
C01685,5/15/2025,0
C01686,3/6/2025,0
C01687,5/31/2025,0
C01688,5/17/2025,0
C01689,3/15/2025,0
C01690,3/22/2025,0
C01691,6/23/2025,0
C01692,6/2/2025,0
C01693,4/14/2025,0
C01694,4/29/2025,0
C01695,5/24/2025,0
C01696,6/21/2025,1
C01697,4/26/2025,1
C01698,5/26/2025,0
C01699,6/9/2025,1
C01700,5/30/2025,0
C01701,3/2/2025,0
C01702,6/20/2025,2
C01703,5/7/2025,0
C01704,4/19/2025,0
C01705,3/17/2025,0
C01706,5/9/2025,0
C01707,6/16/2025,0
C01708,6/28/2025,0
C01709,3/11/2025,0
C01710,6/29/2025,0
C01711,3/18/2025,0
C01712,3/16/2025,0
C01713,6/22/2025,1
C01714,5/24/2025,0
C01715,5/21/2025,0
C01716,6/26/2025,1
C01717,5/10/2025,0
C01718,3/27/2025,0
C01719,5/6/2025,1
C01720,3/26/2025,1
C01721,5/6/2025,0
C01722,4/24/2025,1
C01723,4/13/2025,1
C01724,5/4/2025,0
C01725,6/3/2025,0
C01726,4/22/2025,1
C01727,3/16/2025,0
C01728,3/14/2025,0
C01729,5/25/2025,0
C01730,4/21/2025,1
C01731,5/8/2025,1
C01732,6/23/2025,0
C01733,5/16/2025,0
C01734,4/1/2025,0
C01735,4/4/2025,1
C01736,5/25/2025,1
C01737,4/4/2025,0
C01738,6/7/2025,0
C01739,4/26/2025,1
C01740,5/13/2025,1
C01741,3/17/2025,0
C01742,6/28/2025,0
C01743,4/8/2025,0
C01744,4/14/2025,0
C01745,5/12/2025,0
C01746,6/3/2025,0
C01747,4/21/2025,0
C01748,4/3/2025,0
C01749,6/9/2025,0
C01750,4/25/2025,1
C01751,3/20/2025,0
C01752,5/11/2025,0
C01753,4/11/2025,0
C01754,6/7/2025,0
C01755,4/8/2025,0
C01756,4/1/2025,0
C01757,3/30/2025,0
C01758,4/9/2025,0
C01759,4/1/2025,0
C01760,6/25/2025,0
C01761,6/30/2025,0
C01762,4/17/2025,0
C01763,5/9/2025,0
C01764,4/13/2025,0
C01765,5/31/2025,0
C01766,4/4/2025,0
C01767,3/13/2025,1
C01768,5/22/2025,0
C01769,3/2/2025,0
C01770,6/27/2025,0
C01771,4/7/2025,0
C01772,4/12/2025,0
C01773,6/28/2025,1
C01774,4/19/2025,0
C01775,4/2/2025,0
C01776,6/11/2025,0
C01777,5/28/2025,0
C01778,6/6/2025,0
C01779,3/3/2025,0
C01780,5/6/2025,0
C01781,5/19/2025,0
C01782,6/6/2025,0
C01783,4/27/2025,1
C01784,3/18/2025,0
C01785,3/1/2025,0
C01786,4/2/2025,1
C01787,5/5/2025,0
C01788,6/9/2025,0
C01789,3/22/2025,1
C01790,6/30/2025,0
C01791,4/12/2025,0
C01792,4/1/2025,1
C01793,5/20/2025,0
C01794,3/22/2025,0
C01795,6/5/2025,0
C01796,3/4/2025,0
C01797,4/30/2025,0
C01798,6/9/2025,1
C01799,4/21/2025,0
C01800,6/14/2025,0
C01801,6/25/2025,1
C01802,4/18/2025,0
C01803,5/22/2025,0
C01804,6/11/2025,0
C01805,6/25/2025,0
C01806,5/27/2025,0
C01807,5/22/2025,0
C01808,4/15/2025,0
C01809,4/28/2025,1
C01810,5/4/2025,0
C01811,5/3/2025,0
C01812,6/6/2025,0
C01813,5/31/2025,0
C01814,6/6/2025,0
C01815,4/10/2025,0
C01816,6/21/2025,0
C01817,3/18/2025,0
C01818,4/7/2025,0
C01819,5/15/2025,0
C01820,3/28/2025,0
C01821,3/31/2025,0
C01822,6/20/2025,0
C01823,4/19/2025,0
C01824,4/13/2025,0
C01825,4/17/2025,0
C01826,3/2/2025,0
C01827,6/24/2025,0
C01828,4/16/2025,0
C01829,5/20/2025,1
C01830,3/8/2025,0
C01831,6/27/2025,0
C01832,5/21/2025,2
C01833,6/18/2025,0
C01834,3/2/2025,0
C01835,4/22/2025,0
C01836,5/21/2025,0
C01837,6/16/2025,0
C01838,4/24/2025,0
C01839,4/25/2025,0
C01840,5/3/2025,1
C01841,6/26/2025,0
C01842,5/13/2025,0
C01843,3/23/2025,0
C01844,6/20/2025,1
C01845,3/11/2025,1
C01846,4/22/2025,0
C01847,4/17/2025,0
C01848,5/4/2025,1
C01849,6/29/2025,0
C01850,5/15/2025,0
C01851,6/1/2025,1
C01852,5/23/2025,0
C01853,6/16/2025,0
C01854,4/27/2025,0
C01855,3/3/2025,0
C01856,4/25/2025,0
C01857,6/1/2025,0
C01858,5/28/2025,0
C01859,4/16/2025,0
C01860,3/19/2025,0
C01861,3/2/2025,0
C01862,5/23/2025,0
C01863,3/28/2025,0
C01864,3/20/2025,0
C01865,5/6/2025,0
C01866,5/14/2025,0
C01867,6/7/2025,1
C01868,3/6/2025,0
C01869,4/24/2025,1
C01870,6/16/2025,0
C01871,3/22/2025,0
C01872,6/11/2025,0
C01873,6/23/2025,0
C01874,5/6/2025,0
C01875,3/9/2025,0
C01876,5/3/2025,1
C01877,5/3/2025,1
C01878,4/2/2025,0
C01879,5/10/2025,0
C01880,4/18/2025,0
C01881,3/29/2025,0
C01882,3/21/2025,0
C01883,4/19/2025,0
C01884,6/12/2025,0
C01885,5/4/2025,1
C01886,3/11/2025,0
C01887,6/5/2025,0
C01888,5/15/2025,1
C01889,3/27/2025,0
C01890,4/11/2025,0
C01891,3/28/2025,0
C01892,5/28/2025,1
C01893,3/12/2025,0
C01894,3/1/2025,0
C01895,6/23/2025,0
C01896,5/6/2025,0
C01897,5/16/2025,0
C01898,6/13/2025,0
C01899,6/10/2025,0
C01900,4/30/2025,0
C01901,5/6/2025,2
C01902,4/19/2025,0
C01903,5/12/2025,1
C01904,6/14/2025,0
C01905,4/23/2025,0
C01906,5/20/2025,0
C01907,4/1/2025,0
C01908,3/5/2025,0
C01909,6/30/2025,0
C01910,4/8/2025,0
C01911,5/27/2025,0
C01912,4/16/2025,0
C01913,6/23/2025,0
C01914,6/14/2025,1
C01915,5/7/2025,0
C01916,5/21/2025,0
C01917,5/26/2025,0
C01918,6/5/2025,0
C01919,5/4/2025,0
C01920,3/11/2025,0
C01921,3/15/2025,1
C01922,6/24/2025,0
C01923,6/16/2025,0
C01924,5/29/2025,0
C01925,4/27/2025,0
C01926,5/2/2025,0
C01927,4/17/2025,0
C01928,6/1/2025,0
C01929,3/30/2025,0
C01930,4/19/2025,0
C01931,3/15/2025,0
C01932,5/21/2025,0
C01933,5/8/2025,0
C01934,5/1/2025,0
C01935,3/25/2025,0
C01936,5/20/2025,0
C01937,5/26/2025,0
C01938,5/14/2025,0
C01939,3/24/2025,0
C01940,6/15/2025,0
C01941,6/30/2025,0
C01942,3/2/2025,0
C01943,6/4/2025,0
C01944,3/24/2025,1
C01945,4/24/2025,0
C01946,6/30/2025,0
C01947,5/15/2025,0
C01948,4/7/2025,0
C01949,5/28/2025,0
C01950,5/14/2025,0
C01951,6/22/2025,1
C01952,4/9/2025,0
C01953,6/29/2025,0
C01954,3/16/2025,1
C01955,6/13/2025,1
C01956,6/21/2025,5
C01957,6/7/2025,0
C01958,5/19/2025,0
C01959,6/14/2025,2
C01960,6/8/2025,0
C01961,6/21/2025,0
C01962,4/10/2025,0
C01963,6/18/2025,0
C01964,5/8/2025,0
C01965,3/20/2025,1
C01966,4/12/2025,0
C01967,5/4/2025,1
C01968,6/12/2025,0
C01969,6/7/2025,0
C01970,3/1/2025,0
C01971,6/26/2025,0
C01972,6/10/2025,0
C01973,4/13/2025,0
C01974,6/13/2025,0
C01975,4/12/2025,0
C01976,4/16/2025,0
C01977,4/20/2025,1
C01978,3/24/2025,0
C01979,4/28/2025,0
C01980,5/25/2025,0
C01981,4/17/2025,0
C01982,5/4/2025,0
C01983,5/8/2025,0
C01984,3/22/2025,0
C01985,5/9/2025,0
C01986,3/24/2025,0
C01987,3/19/2025,1
C01988,4/15/2025,0
C01989,6/16/2025,0
C01990,6/2/2025,0
C01991,6/1/2025,0
C01992,4/9/2025,0
C01993,3/2/2025,1
C01994,5/9/2025,0
C01995,4/26/2025,0
C01996,6/30/2025,0
C01997,6/9/2025,0
C01998,6/27/2025,0
C01999,3/20/2025,0
C02000,3/27/2025,0
C02001,6/12/2025,0
C02002,4/25/2025,0
C02003,3/30/2025,0
C02004,3/18/2025,2
C02005,5/26/2025,0
C02006,4/16/2025,0
C02007,4/28/2025,2
C02008,4/1/2025,0
C02009,4/27/2025,0
C02010,5/25/2025,0
C02011,6/7/2025,0
C02012,6/15/2025,1
C02013,4/23/2025,0
C02014,5/30/2025,0
C02015,3/24/2025,0
C02016,5/10/2025,0
C02017,3/25/2025,1
C02018,3/14/2025,0
C02019,6/18/2025,0
C02020,3/6/2025,0
C02021,4/1/2025,0
C02022,4/1/2025,0
C02023,4/14/2025,0
C02024,6/13/2025,1
C02025,6/20/2025,1
C02026,3/20/2025,1
C02027,3/17/2025,0
C02028,3/22/2025,0
C02029,3/4/2025,1
C02030,3/3/2025,1
C02031,6/23/2025,0
C02032,5/20/2025,0
C02033,4/4/2025,0
C02034,3/9/2025,0
C02035,4/15/2025,0
C02036,5/9/2025,0
C02037,3/31/2025,0
C02038,6/23/2025,0
C02039,4/24/2025,1
C02040,4/6/2025,0
C02041,4/16/2025,0
C02042,5/9/2025,0
C02043,6/27/2025,0
C02044,4/6/2025,0
C02045,3/20/2025,0
C02046,5/15/2025,0
C02047,5/21/2025,0
C02048,4/24/2025,0
C02049,3/8/2025,2
C02050,3/19/2025,0
C02051,6/14/2025,2
C02052,3/7/2025,0
C02053,5/8/2025,0
C02054,6/24/2025,0
C02055,5/30/2025,0
C02056,5/11/2025,0
C02057,6/17/2025,0
C02058,6/23/2025,0
C02059,5/8/2025,0
C02060,5/25/2025,0
C02061,5/4/2025,1
C02062,5/27/2025,1
C02063,3/5/2025,0
C02064,5/4/2025,0
C02065,3/20/2025,0
C02066,5/25/2025,0
C02067,4/21/2025,0
C02068,3/28/2025,0
C02069,5/21/2025,1
C02070,3/1/2025,0
C02071,4/24/2025,0
C02072,5/22/2025,0
C02073,4/1/2025,1
C02074,6/5/2025,0
C02075,6/20/2025,0
C02076,6/25/2025,0
C02077,3/3/2025,0
C02078,5/29/2025,0
C02079,4/3/2025,0
C02080,4/17/2025,0
C02081,4/11/2025,0
C02082,4/9/2025,0
C02083,3/18/2025,0
C02084,4/25/2025,1
C02085,6/21/2025,0
C02086,5/18/2025,0
C02087,6/29/2025,0
C02088,6/26/2025,0
C02089,3/22/2025,0
C02090,3/3/2025,0
C02091,5/22/2025,0
C02092,6/26/2025,1
C02093,4/8/2025,0
C02094,4/17/2025,0
C02095,5/1/2025,0
C02096,3/12/2025,0
C02097,6/28/2025,1
C02098,4/16/2025,0
C02099,4/13/2025,0
C02100,6/5/2025,0
C02101,6/3/2025,0
C02102,3/5/2025,0
C02103,5/13/2025,0
C02104,6/8/2025,0
C02105,5/3/2025,0
C02106,5/23/2025,0
C02107,6/6/2025,0
C02108,4/30/2025,0
C02109,3/18/2025,0
C02110,6/15/2025,0
C02111,3/31/2025,0
C02112,3/28/2025,0
C02113,3/19/2025,0
C02114,6/21/2025,0
C02115,5/27/2025,1
C02116,6/4/2025,0
C02117,4/6/2025,1
C02118,4/14/2025,0
C02119,4/11/2025,0
C02120,6/21/2025,0
C02121,3/12/2025,0
C02122,6/7/2025,1
C02123,6/2/2025,0
C02124,4/7/2025,0
C02125,5/8/2025,0
C02126,3/19/2025,0
C02127,4/5/2025,0
C02128,4/15/2025,0
C02129,3/27/2025,0
C02130,4/17/2025,0
C02131,3/10/2025,1
C02132,5/29/2025,0
C02133,4/17/2025,0
C02134,5/10/2025,0
C02135,6/20/2025,0
C02136,5/7/2025,0
C02137,5/26/2025,0
C02138,4/1/2025,0
C02139,3/3/2025,0
C02140,4/17/2025,0
C02141,4/1/2025,0
C02142,4/8/2025,0
C02143,3/14/2025,1
C02144,4/11/2025,0
C02145,6/16/2025,1
C02146,5/14/2025,0
C02147,5/2/2025,0
C02148,4/11/2025,1
C02149,4/22/2025,1
C02150,5/7/2025,0
C02151,5/29/2025,0
C02152,4/17/2025,1
C02153,3/21/2025,2
C02154,4/4/2025,0
C02155,5/25/2025,0
C02156,6/20/2025,0
C02157,3/4/2025,0
C02158,3/5/2025,0
C02159,6/30/2025,0
C02160,4/23/2025,1
C02161,5/4/2025,0
C02162,6/18/2025,1
C02163,4/17/2025,0
C02164,3/1/2025,0
C02165,6/24/2025,0
C02166,6/3/2025,0
C02167,6/30/2025,0
C02168,5/20/2025,0
C02169,3/9/2025,0
C02170,3/13/2025,0
C02171,3/3/2025,0
C02172,4/14/2025,0
C02173,6/22/2025,0
C02174,6/2/2025,0
C02175,3/27/2025,1
C02176,4/27/2025,1
C02177,5/25/2025,0
C02178,6/12/2025,0
C02179,4/17/2025,0
C02180,5/5/2025,0
C02181,6/24/2025,0
C02182,3/22/2025,0
C02183,6/20/2025,0
C02184,6/30/2025,0
C02185,4/25/2025,0
C02186,3/2/2025,1
C02187,5/11/2025,0
C02188,3/11/2025,0
C02189,5/11/2025,1
C02190,5/2/2025,0
C02191,5/5/2025,1
C02192,6/14/2025,0
C02193,5/27/2025,0
C02194,5/22/2025,0
C02195,4/18/2025,0
C02196,5/29/2025,0
C02197,4/24/2025,2
C02198,5/19/2025,0
C02199,6/7/2025,0
C02200,4/7/2025,0
C02201,4/6/2025,0
C02202,4/16/2025,0
C02203,3/4/2025,0
C02204,6/24/2025,0
C02205,6/7/2025,0
C02206,6/25/2025,1
C02207,4/11/2025,0
C02208,6/11/2025,0
C02209,4/18/2025,0
C02210,5/7/2025,0
C02211,6/14/2025,0
C02212,5/18/2025,1
C02213,6/6/2025,0
C02214,6/5/2025,0
C02215,6/3/2025,0
C02216,3/17/2025,0
C02217,3/29/2025,0
C02218,4/16/2025,1
C02219,6/22/2025,0
C02220,3/27/2025,0
C02221,4/18/2025,0
C02222,4/28/2025,0
C02223,3/25/2025,0
C02224,6/19/2025,1
C02225,5/5/2025,0
C02226,6/13/2025,0
C02227,3/27/2025,1
C02228,6/22/2025,0
C02229,5/14/2025,0
C02230,4/20/2025,0
C02231,3/16/2025,0
C02232,6/17/2025,0
C02233,5/4/2025,0
C02234,6/15/2025,0
C02235,5/2/2025,0
C02236,6/28/2025,0
C02237,6/24/2025,0
C02238,4/28/2025,0
C02239,5/26/2025,0
C02240,4/8/2025,0
C02241,4/5/2025,1
C02242,4/25/2025,0
C02243,4/9/2025,0
C02244,3/12/2025,0
C02245,3/8/2025,0
C02246,3/2/2025,0
C02247,3/24/2025,0
C02248,6/17/2025,0
C02249,5/25/2025,0
C02250,5/6/2025,1
C02251,5/13/2025,0
C02252,6/26/2025,0
C02253,5/23/2025,1
C02254,4/9/2025,0
C02255,6/11/2025,0
C02256,3/11/2025,0
C02257,5/20/2025,0
C02258,6/4/2025,0
C02259,3/3/2025,0
C02260,3/15/2025,0
C02261,4/12/2025,0
C02262,6/17/2025,0
C02263,4/20/2025,0
C02264,5/11/2025,0
C02265,4/17/2025,0
C02266,5/6/2025,0
C02267,5/4/2025,1
C02268,6/27/2025,0
C02269,6/5/2025,0
C02270,6/5/2025,0
C02271,4/10/2025,0
C02272,3/9/2025,0
C02273,3/30/2025,0
C02274,4/21/2025,0
C02275,5/10/2025,0
C02276,3/20/2025,0
C02277,5/5/2025,0
C02278,5/19/2025,0
C02279,6/16/2025,0
C02280,6/5/2025,0
C02281,5/23/2025,0
C02282,3/1/2025,0
C02283,3/7/2025,0
C02284,5/3/2025,0
C02285,4/16/2025,0
C02286,4/21/2025,0
C02287,4/25/2025,0
C02288,4/20/2025,0
C02289,5/31/2025,1
C02290,5/23/2025,0
C02291,6/4/2025,0
C02292,3/6/2025,0
C02293,6/21/2025,1
C02294,3/31/2025,0
C02295,5/7/2025,0
C02296,5/4/2025,0
C02297,6/11/2025,0
C02298,3/12/2025,0
C02299,4/11/2025,0
C02300,3/28/2025,0
C02301,5/17/2025,0
C02302,4/21/2025,0
C02303,3/22/2025,0
C02304,3/21/2025,0
C02305,3/26/2025,0
C02306,4/11/2025,0
C02307,5/21/2025,0
C02308,3/13/2025,0
C02309,6/19/2025,0
C02310,6/12/2025,0
C02311,6/23/2025,0
C02312,6/16/2025,0
C02313,5/16/2025,1
C02314,5/28/2025,0
C02315,6/5/2025,0
C02316,6/24/2025,0
C02317,5/1/2025,0
C02318,4/18/2025,0
C02319,6/15/2025,0
C02320,4/23/2025,0
C02321,3/16/2025,0
C02322,5/19/2025,0
C02323,5/6/2025,0
C02324,5/14/2025,0
C02325,6/1/2025,0
C02326,5/25/2025,1
C02327,6/25/2025,0
C02328,4/22/2025,0
C02329,4/8/2025,0
C02330,4/1/2025,0
C02331,4/9/2025,1
C02332,3/26/2025,0
C02333,5/6/2025,1
C02334,5/25/2025,1
C02335,5/27/2025,0
C02336,4/30/2025,0
C02337,6/18/2025,0
C02338,3/2/2025,0
C02339,5/28/2025,0
C02340,5/22/2025,0
C02341,3/17/2025,0
C02342,6/6/2025,0
C02343,5/20/2025,0
C02344,5/20/2025,0
C02345,6/3/2025,0
C02346,3/16/2025,0
C02347,3/13/2025,0
C02348,3/13/2025,0
C02349,5/8/2025,0
C02350,4/10/2025,0
C02351,3/26/2025,1
C02352,4/8/2025,0
C02353,5/14/2025,0
C02354,6/10/2025,0
C02355,5/17/2025,0
C02356,4/30/2025,0
C02357,5/13/2025,2
C02358,3/10/2025,0
C02359,6/17/2025,1
C02360,3/15/2025,0
C02361,6/8/2025,0
C02362,4/15/2025,0
C02363,6/27/2025,1
C02364,5/27/2025,0
C02365,6/11/2025,1
C02366,4/9/2025,2
C02367,6/25/2025,1
C02368,6/26/2025,1
C02369,3/12/2025,0
C02370,6/24/2025,1
C02371,4/26/2025,0
C02372,6/20/2025,0
C02373,6/12/2025,0
C02374,5/9/2025,0
C02375,5/2/2025,0
C02376,5/30/2025,2
C02377,5/4/2025,0
C02378,5/4/2025,0
C02379,5/18/2025,2
C02380,6/6/2025,0
C02381,5/24/2025,0
C02382,3/5/2025,0
C02383,4/22/2025,0
C02384,5/12/2025,1
C02385,6/20/2025,0
C02386,6/10/2025,0
C02387,3/23/2025,1
C02388,3/25/2025,0
C02389,6/28/2025,0
C02390,5/11/2025,0
C02391,4/12/2025,0
C02392,6/29/2025,0
C02393,6/2/2025,1
C02394,6/3/2025,0
C02395,4/11/2025,0
C02396,3/6/2025,0
C02397,4/17/2025,0
C02398,6/25/2025,0
C02399,6/12/2025,0
C02400,4/20/2025,0
C02401,5/8/2025,0
C02402,4/18/2025,0
C02403,6/25/2025,1
C02404,4/1/2025,0
C02405,4/12/2025,0
C02406,4/24/2025,1
C02407,5/11/2025,0
C02408,4/9/2025,0
C02409,3/22/2025,0
C02410,6/24/2025,1
C02411,4/30/2025,0
C02412,3/21/2025,0
C02413,4/9/2025,0
C02414,6/19/2025,0
C02415,3/6/2025,0
C02416,6/1/2025,0
C02417,6/14/2025,0
C02418,3/11/2025,0
C02419,4/16/2025,1
C02420,3/8/2025,0
C02421,3/16/2025,1
C02422,6/7/2025,0
C02423,6/21/2025,0
C02424,4/12/2025,0
C02425,4/13/2025,0
C02426,5/28/2025,0
C02427,3/13/2025,0
C02428,6/22/2025,0
C02429,5/23/2025,0
C02430,6/13/2025,1
C02431,6/18/2025,0
C02432,3/25/2025,0
C02433,6/22/2025,1
C02434,3/24/2025,1
C02435,5/10/2025,0
C02436,6/1/2025,1
C02437,3/1/2025,1
C02438,4/29/2025,0
C02439,3/18/2025,0
C02440,5/22/2025,0
C02441,6/5/2025,0
C02442,4/20/2025,0
C02443,3/26/2025,1
C02444,4/18/2025,0
C02445,6/25/2025,0
C02446,6/28/2025,0
C02447,6/11/2025,1
C02448,6/22/2025,0
C02449,3/30/2025,1
C02450,3/2/2025,2
C02451,3/30/2025,0
C02452,5/4/2025,1
C02453,4/23/2025,0
C02454,3/3/2025,0
C02455,3/5/2025,1
C02456,3/26/2025,0
C02457,6/23/2025,0
C02458,5/26/2025,0
C02459,4/17/2025,0
C02460,4/25/2025,0
C02461,4/20/2025,0
C02462,5/3/2025,1
C02463,6/13/2025,0
C02464,3/1/2025,0
C02465,5/20/2025,0
C02466,3/30/2025,0
C02467,3/30/2025,0
C02468,4/26/2025,1
C02469,3/17/2025,0
C02470,4/13/2025,0
C02471,6/21/2025,0
C02472,6/12/2025,0
C02473,6/23/2025,1
C02474,6/19/2025,0
C02475,6/23/2025,0
C02476,6/2/2025,1
C02477,4/15/2025,0
C02478,4/24/2025,0
C02479,5/19/2025,1
C02480,3/24/2025,0
C02481,6/10/2025,0
C02482,3/1/2025,0
C02483,3/8/2025,0
C02484,3/28/2025,0
C02485,6/17/2025,0
C02486,3/26/2025,0
C02487,5/17/2025,0
C02488,5/12/2025,0
C02489,5/1/2025,0
C02490,4/4/2025,0
C02491,3/19/2025,0
C02492,6/24/2025,0
C02493,4/15/2025,0
C02494,4/9/2025,0
C02495,4/8/2025,0
C02496,6/28/2025,0
C02497,3/16/2025,0
C02498,4/21/2025,0
C02499,5/13/2025,0
C02500,4/29/2025,2
C02501,6/10/2025,0
C02502,4/5/2025,0
C02503,5/14/2025,0
C02504,5/7/2025,0
C02505,6/12/2025,1
C02506,3/11/2025,0
C02507,4/1/2025,0
C02508,6/5/2025,0
C02509,4/20/2025,0
C02510,5/29/2025,1
C02511,5/31/2025,0
C02512,3/18/2025,0
C02513,6/27/2025,0
C02514,5/28/2025,1
C02515,6/19/2025,0
C02516,5/10/2025,0
C02517,3/22/2025,0
C02518,3/27/2025,0
C02519,3/22/2025,0
C02520,4/5/2025,0
C02521,5/22/2025,1
C02522,6/14/2025,1
C02523,4/17/2025,0
C02524,5/29/2025,0
C02525,5/25/2025,0
C02526,6/20/2025,0
C02527,6/10/2025,1
C02528,4/13/2025,0
C02529,4/23/2025,0
C02530,5/27/2025,0
C02531,4/3/2025,1
C02532,4/26/2025,1
C02533,5/12/2025,0
C02534,4/1/2025,1
C02535,4/16/2025,1
C02536,3/1/2025,0
C02537,6/23/2025,0
C02538,4/29/2025,0
C02539,4/27/2025,0
C02540,4/1/2025,1
C02541,6/10/2025,0
C02542,5/20/2025,0
C02543,5/3/2025,0
C02544,4/30/2025,1
C02545,6/1/2025,0
C02546,6/24/2025,0
C02547,4/27/2025,1
C02548,6/25/2025,0
C02549,4/26/2025,0
C02550,6/9/2025,0
C02551,5/13/2025,0
C02552,4/15/2025,0
C02553,5/6/2025,0
C02554,6/15/2025,0
C02555,6/29/2025,0
C02556,6/6/2025,0
C02557,6/1/2025,0
C02558,6/14/2025,0
C02559,3/21/2025,0
C02560,3/22/2025,0
C02561,3/15/2025,0
C02562,4/7/2025,1
C02563,5/10/2025,0
C02564,5/6/2025,0
C02565,5/4/2025,0
C02566,4/9/2025,0
C02567,5/5/2025,0
C02568,3/11/2025,0
C02569,4/17/2025,0
C02570,4/4/2025,1
C02571,4/20/2025,0
C02572,6/16/2025,1
C02573,4/13/2025,0
C02574,4/1/2025,1
C02575,6/11/2025,0
C02576,6/10/2025,0
C02577,4/26/2025,0
C02578,4/25/2025,0
C02579,5/21/2025,1
C02580,4/27/2025,0
C02581,3/17/2025,0
C02582,3/29/2025,1
C02583,4/12/2025,0
C02584,5/17/2025,0
C02585,4/23/2025,0
C02586,4/14/2025,0
C02587,6/5/2025,0
C02588,5/31/2025,1
C02589,4/3/2025,1
C02590,3/15/2025,0
C02591,6/30/2025,0
C02592,6/21/2025,0
C02593,3/4/2025,0
C02594,3/20/2025,0
C02595,6/21/2025,0
C02596,3/11/2025,0
C02597,4/5/2025,0
C02598,5/27/2025,0
C02599,5/22/2025,0
C02600,6/29/2025,0
C02601,3/23/2025,0
C02602,4/14/2025,0
C02603,3/14/2025,0
C02604,4/8/2025,0
C02605,3/15/2025,0
C02606,6/19/2025,0
C02607,6/6/2025,0
C02608,3/23/2025,1
C02609,6/23/2025,0
C02610,4/19/2025,0
C02611,5/27/2025,1
C02612,6/18/2025,0
C02613,4/26/2025,0
C02614,3/5/2025,0
C02615,4/28/2025,0
C02616,6/6/2025,0
C02617,6/20/2025,0
C02618,6/14/2025,0
C02619,6/10/2025,0
C02620,5/18/2025,0
C02621,5/10/2025,0
C02622,6/14/2025,0
C02623,3/6/2025,0
C02624,5/25/2025,0
C02625,5/3/2025,0
C02626,6/13/2025,1
C02627,4/13/2025,0
C02628,6/20/2025,0
C02629,6/27/2025,0
C02630,6/7/2025,0
C02631,3/8/2025,0
C02632,6/29/2025,0
C02633,3/20/2025,1
C02634,5/26/2025,0
C02635,3/12/2025,0
C02636,6/3/2025,0
C02637,6/10/2025,0
C02638,4/17/2025,0
C02639,3/28/2025,0
C02640,3/13/2025,0
C02641,4/16/2025,0
C02642,5/6/2025,0
C02643,3/24/2025,1
C02644,5/30/2025,0
C02645,5/19/2025,0
C02646,5/28/2025,0
C02647,3/23/2025,0
C02648,4/4/2025,0
C02649,5/31/2025,0
C02650,3/19/2025,0
C02651,5/26/2025,0
C02652,4/3/2025,0
C02653,4/22/2025,0
C02654,3/11/2025,1
C02655,6/15/2025,0
C02656,6/8/2025,0
C02657,3/31/2025,0
C02658,5/28/2025,1
C02659,6/25/2025,0
C02660,5/15/2025,0
C02661,5/3/2025,1
C02662,4/26/2025,0
C02663,6/16/2025,0
C02664,5/28/2025,0
C02665,3/5/2025,1
C02666,6/24/2025,0
C02667,5/15/2025,1
C02668,5/21/2025,0
C02669,3/24/2025,0
C02670,5/8/2025,0
C02671,6/8/2025,0
C02672,5/27/2025,2
C02673,4/20/2025,1
C02674,5/27/2025,0
C02675,4/16/2025,0
C02676,5/5/2025,0
C02677,6/6/2025,1
C02678,6/3/2025,0
C02679,5/29/2025,0
C02680,5/16/2025,0
C02681,3/29/2025,1
C02682,6/24/2025,1
C02683,6/22/2025,0
C02684,5/31/2025,2
C02685,3/30/2025,0
C02686,6/14/2025,0
C02687,3/22/2025,0
C02688,6/22/2025,0
C02689,5/15/2025,0
C02690,6/28/2025,0
C02691,4/29/2025,0
C02692,6/1/2025,1
C02693,6/18/2025,0
C02694,6/3/2025,1
C02695,5/11/2025,0
C02696,5/30/2025,0
C02697,5/6/2025,0
C02698,6/21/2025,0
C02699,3/1/2025,1
C02700,5/5/2025,0
C02701,3/30/2025,0
C02702,4/3/2025,0
C02703,6/10/2025,0
C02704,6/18/2025,0
C02705,4/3/2025,0
C02706,5/24/2025,0
C02707,4/20/2025,0
C02708,3/25/2025,0
C02709,5/30/2025,0
C02710,6/30/2025,0
C02711,5/13/2025,0
C02712,6/10/2025,0
C02713,5/15/2025,0
C02714,5/20/2025,0
C02715,6/23/2025,0
C02716,3/29/2025,0
C02717,6/1/2025,1
C02718,6/29/2025,0
C02719,3/27/2025,1
C02720,3/24/2025,0
C02721,3/29/2025,0
C02722,3/21/2025,0
C02723,4/28/2025,1
C02724,4/5/2025,0
C02725,4/6/2025,0
C02726,3/28/2025,0
C02727,4/10/2025,0
C02728,6/5/2025,1
C02729,5/9/2025,0
C02730,6/26/2025,0
C02731,5/13/2025,1
C02732,6/6/2025,0
C02733,5/28/2025,2
C02734,5/18/2025,0
C02735,6/29/2025,0
C02736,5/27/2025,0
C02737,5/26/2025,0
C02738,3/4/2025,0
C02739,6/14/2025,0
C02740,4/29/2025,0
C02741,5/20/2025,0
C02742,4/12/2025,0
C02743,4/27/2025,1
C02744,3/4/2025,0
C02745,5/19/2025,0
C02746,5/11/2025,0
C02747,4/30/2025,0
C02748,3/28/2025,0
C02749,5/19/2025,0
C02750,5/20/2025,0
C02751,4/28/2025,0
C02752,6/19/2025,0
C02753,6/29/2025,1
C02754,3/4/2025,1
C02755,3/3/2025,0
C02756,5/18/2025,1
C02757,3/7/2025,0
C02758,3/6/2025,0
C02759,5/16/2025,0
C02760,3/2/2025,0
C02761,3/16/2025,1
C02762,6/8/2025,0
C02763,4/24/2025,0
C02764,4/9/2025,0
C02765,4/14/2025,1
C02766,5/30/2025,0
C02767,6/2/2025,0
C02768,5/4/2025,0
C02769,3/18/2025,0
C02770,3/19/2025,0
C02771,5/27/2025,0
C02772,4/17/2025,0
C02773,3/27/2025,0
C02774,5/16/2025,0
C02775,5/19/2025,0
C02776,4/16/2025,0
C02777,5/2/2025,0
C02778,5/20/2025,0
C02779,3/18/2025,0
C02780,5/20/2025,0
C02781,5/7/2025,1
C02782,5/14/2025,1
C02783,5/23/2025,0
C02784,5/6/2025,0
C02785,4/22/2025,0
C02786,4/25/2025,0
C02787,5/5/2025,1
C02788,3/24/2025,0
C02789,5/29/2025,0
C02790,5/27/2025,0
C02791,5/27/2025,1
C02792,6/24/2025,0
C02793,5/25/2025,1
C02794,6/1/2025,0
C02795,5/13/2025,3
C02796,5/26/2025,0
C02797,6/2/2025,0
C02798,3/19/2025,0
C02799,5/20/2025,0
C02800,6/27/2025,0
C02801,6/6/2025,0
C02802,5/1/2025,0
C02803,6/22/2025,0
C02804,3/16/2025,0
C02805,3/19/2025,0
C02806,5/11/2025,0
C02807,3/4/2025,0
C02808,5/6/2025,0
C02809,3/29/2025,1
C02810,4/5/2025,1
C02811,6/10/2025,1
C02812,3/23/2025,1
C02813,4/29/2025,0
C02814,6/13/2025,0
C02815,4/11/2025,0
C02816,5/31/2025,0
C02817,4/22/2025,0
C02818,5/31/2025,0
C02819,6/3/2025,0
C02820,5/24/2025,0
C02821,3/1/2025,0
C02822,3/25/2025,0
C02823,3/12/2025,0
C02824,4/12/2025,0
C02825,4/26/2025,0
C02826,3/17/2025,0
C02827,4/3/2025,1
C02828,4/1/2025,1
C02829,3/24/2025,1
C02830,5/31/2025,0
C02831,3/12/2025,0
C02832,4/29/2025,0
C02833,5/4/2025,0
C02834,6/3/2025,0
C02835,3/30/2025,0
C02836,3/9/2025,1
C02837,5/17/2025,1
C02838,6/5/2025,1
C02839,4/21/2025,0
C02840,3/7/2025,1
C02841,5/9/2025,0
C02842,6/4/2025,1
C02843,6/13/2025,0
C02844,3/4/2025,0
C02845,5/10/2025,0
C02846,3/26/2025,0
C02847,4/22/2025,0
C02848,6/17/2025,0
C02849,6/24/2025,0
C02850,4/2/2025,0
C02851,3/16/2025,1
C02852,5/11/2025,0
C02853,6/13/2025,0
C02854,6/22/2025,0
C02855,3/1/2025,0
C02856,4/19/2025,0
C02857,3/2/2025,0
C02858,4/1/2025,0
C02859,3/17/2025,0
C02860,4/25/2025,0
C02861,3/20/2025,0
C02862,5/13/2025,0
C02863,5/17/2025,0
C02864,6/16/2025,0
C02865,3/19/2025,0
C02866,6/29/2025,0
C02867,5/12/2025,1
C02868,6/29/2025,0
C02869,3/21/2025,0
C02870,4/10/2025,0
C02871,5/28/2025,0
C02872,5/22/2025,0
C02873,5/15/2025,0
C02874,5/16/2025,0
C02875,3/1/2025,0
C02876,5/19/2025,0
C02877,6/23/2025,0
C02878,3/14/2025,0
C02879,3/13/2025,0
C02880,6/28/2025,0
C02881,5/18/2025,0
C02882,6/23/2025,0
C02883,3/20/2025,0
C02884,5/30/2025,0
C02885,3/1/2025,0
C02886,4/13/2025,0
C02887,6/4/2025,1
C02888,5/2/2025,0
C02889,6/19/2025,0
C02890,4/28/2025,1
C02891,3/23/2025,0
C02892,5/2/2025,0
C02893,4/27/2025,1
C02894,4/22/2025,0
C02895,6/12/2025,1
C02896,4/25/2025,0
C02897,5/13/2025,0
C02898,3/7/2025,0
C02899,4/28/2025,0
C02900,5/28/2025,0
C02901,4/6/2025,2
C02902,5/22/2025,1
C02903,4/27/2025,0
C02904,4/12/2025,0
C02905,5/4/2025,0
C02906,5/16/2025,0
C02907,6/19/2025,0
C02908,3/30/2025,0
C02909,6/19/2025,1
C02910,5/29/2025,1
C02911,4/19/2025,0
C02912,6/17/2025,0
C02913,5/3/2025,0
C02914,3/22/2025,0
C02915,6/1/2025,0
C02916,6/1/2025,0
C02917,3/4/2025,0
C02918,4/20/2025,0
C02919,6/1/2025,1
C02920,4/10/2025,0
C02921,6/2/2025,0
C02922,5/28/2025,0
C02923,6/27/2025,0
C02924,6/30/2025,1
C02925,3/13/2025,0
C02926,4/6/2025,0
C02927,5/31/2025,0
C02928,6/13/2025,0
C02929,3/20/2025,1
C02930,3/6/2025,1
C02931,3/15/2025,0
C02932,3/30/2025,0
C02933,3/16/2025,1
C02934,3/12/2025,0
C02935,6/15/2025,0
C02936,4/7/2025,0
C02937,4/6/2025,0
C02938,5/16/2025,0
C02939,3/3/2025,0
C02940,6/11/2025,0
C02941,6/13/2025,1
C02942,6/17/2025,1
C02943,5/15/2025,0
C02944,5/11/2025,0
C02945,6/10/2025,0
C02946,5/5/2025,0
C02947,6/22/2025,0
C02948,3/11/2025,0
C02949,5/18/2025,0
C02950,3/1/2025,0
C02951,4/21/2025,1
C02952,4/10/2025,0
C02953,5/10/2025,0
C02954,5/15/2025,0
C02955,4/27/2025,0
C02956,6/13/2025,0
C02957,3/3/2025,0
C02958,5/29/2025,0
C02959,4/17/2025,0
C02960,5/10/2025,0
C02961,6/30/2025,0
C02962,5/13/2025,0
C02963,6/10/2025,0
C02964,3/19/2025,0
C02965,4/28/2025,0
C02966,3/13/2025,0
C02967,6/23/2025,1
C02968,4/8/2025,1
C02969,3/5/2025,0
C02970,4/29/2025,0
C02971,5/11/2025,0
C02972,3/5/2025,1
C02973,3/21/2025,0
C02974,5/10/2025,0
C02975,3/27/2025,0
C02976,5/22/2025,0
C02977,6/2/2025,0
C02978,3/17/2025,0
C02979,5/1/2025,0
C02980,4/11/2025,1
C02981,5/16/2025,0
C02982,6/19/2025,0
C02983,5/16/2025,0
C02984,3/9/2025,0
C02985,5/3/2025,0
C02986,5/23/2025,0
C02987,3/23/2025,0
C02988,5/3/2025,0
C02989,5/4/2025,0
C02990,5/19/2025,0
C02991,6/9/2025,0
C02992,5/31/2025,1
C02993,3/10/2025,0
C02994,4/10/2025,0
C02995,5/20/2025,0
C02996,6/3/2025,0
C02997,6/27/2025,0
C02998,5/31/2025,0
C02999,6/30/2025,0
C03000,3/11/2025,0
